tank.id,tank.number,count.date,sample.date,sample.period,who.counted,prop.counted,hours,taxa.code,count,photographed,measured,,,,
C4,30,5/12/2023,4/12/2023,,ABS,1,,ephi,18,1,0,,,,
C4,30,5/12/2023,4/12/2023,,ABS,1,,dap,293,1,0,,,,
C4,30,5/12/2023,4/12/2023,,ABS,1,,chy,167,1,0,,,,
C4,30,5/12/2023,4/12/2023,,ABS,1,,ker,18,1,0,,,,
C4,30,5/12/2023,4/12/2023,,ABS,1,,unc,16,1,0,,,,
C4,30,5/12/2023,4/12/2023,,ABS,1,,nau,403,1,0,,,,
C4,30,5/12/2023,4/12/2023,,ABS,1,,unk,1,1,0,,,,
A0,1,5/16/2023,4/12/2023,,ABS,1,,cyc,2,1,0,,,,
A0,1,5/16/2023,4/12/2023,,ABS,1,,erg,4,1,0,,,,
A0,1,5/16/2023,4/12/2023,,ABS,1,,unc,1,1,0,,,,
A0,1,5/16/2023,4/12/2023,,ABS,1,,dap,36,1,1,,,,
A0,1,5/16/2023,4/12/2023,,ABS,1,,chy,296,1,1,,,,
A0,1,5/16/2023,4/12/2023,,ABS,1,,nau,348,1,1,,,,
A0,1,5/16/2023,4/12/2023,,ABS,1,,unk,1,1,1,,,,
A0,1,5/16/2023,4/12/2023,,ABS,1,,ephi,48,1,1,,,,
B9,10,7/17/2023,3/13/2023,,GVF,1,,dap,57,,0,,,,
B9,10,7/17/2023,3/13/2023,,GVF,1,,cal,2,,0,,,,
B9,10,7/17/2023,3/13/2023,,GVF,1,,cyc,15,,0,,,,
B9,10,7/17/2023,3/13/2023,,GVF,1,,bos,5,,0,,,,
B9,10,7/17/2023,3/13/2023,,GVF,1,,chy,1,,0,,,,
B9,10,7/17/2023,3/13/2023,,GVF,1,,nau,12,,0,,,,
B1,28,7/18/2023,3/7/2023,,GVF,1,,dap,137,1,0,,,,
B1,28,7/18/2023,3/7/2023,,GVF,1,,un13,2,,0,,,,
B1,28,7/18/2023,3/7/2023,,GVF,1,,i16,1,,0,,,,
B1,28,7/18/2023,3/7/2023,,GVF,1,,plm,3,,0,,,,
B1,28,7/18/2023,3/7/2023,,GVF,1,,un12,2,,0,,,,
B1,28,7/18/2023,3/7/2023,,GVF,1,,chy,8,1,0,,,,
B1,28,7/18/2023,3/7/2023,,GVF,1,,nau,84,1,0,,,,
B1,28,7/18/2023,3/7/2023,,GVF,1,,uix,2,,0,,,,
B1,28,7/18/2023,3/7/2023,,GVF,1,,un2,8,,0,,,,
A7,23,7/20/2023,3/7/2023,,GVF,1,,nau,130,30,0,,,,
A7,23,7/20/2023,3/7/2023,,GVF,1,,dap,4,1,0,,,,
A7,23,7/20/2023,3/7/2023,,GVF,1,,uix,2,2,0,,,,
A7,23,7/20/2023,3/7/2023,,GVF,1,,plm,1,0,0,,,,
A7,23,7/20/2023,3/7/2023,,GVF,1,,chy,4,4,0,,,,
B0,15,7/27/2023,3/7/2023,,GVF,1,,nau,14,4,0,,,,
B0,15,7/27/2023,3/7/2023,,GVF,1,,uix,1,3,0,,,,
B0,15,7/27/2023,3/7/2023,,GVF,1,,i17,1,1,0,,,,
B0,15,7/27/2023,3/7/2023,,GVF,1,,chy,5,4,0,,,,
B0,15,7/27/2023,3/7/2023,,GVF,1,,dap,5,5,0,,,,
B0,15,7/27/2023,3/7/2023,,GVF,1,,u14,1,1,0,,,,
A3,0,7/28/2023,3/7/2023,,GVF,1,,nau,1,0,0,,,,
A3,5,7/28/2023,3/7/2023,,GVF,1,,unk,15,0,0,,,,
A3,5,7/28/2023,3/7/2023,,GVF,1,,in1,1,0,0,,,,
A3,5,7/28/2023,3/7/2023,,GVF,1,,cyc,1,1,0,,,,
C1,,7/31/2023,3/13/2023,,PN,1,,uix,3,1,0,,,,
C1,,7/31/2023,3/13/2023,,PN,1,,dap,65,1,0,,,,
C1,,7/31/2023,3/13/2023,,PN,1,,cyc,17,1,0,,,,
C1,,7/31/2023,3/13/2023,,PN,1,,chi,2,1,0,,,,
C1,,7/31/2023,3/13/2023,,PN,1,,nau,5,1,0,,,,
C1,,7/31/2023,3/13/2023,,PN,1,,chy,2,1,0,,,,
C1,,8/1/2023,3/13/2023,,GVF,1,,chy,6,1,0,,,,
C1,,8/1/2023,3/13/2023,,GVF,1,,nau,105,1,0,,,,
C1,,8/1/2023,3/13/2023,,GVF,1,,dap,51,1,0,,,,
C1,,8/1/2023,3/13/2023,,GVF,1,,cyc,12,1,0,,,,
B5,,8/1/2023,3/7/2023,,GVF,1,,nau,38,1,0,,,,
B5,,8/1/2023,3/7/2023,,GVF,1,,chy,10,1,0,,,,
B5,,8/1/2023,3/7/2023,,GVF,1,,dap,4,1,0,,,,
B5,,8/1/2023,3/7/2023,,GVF,1,,cyc,1,0,0,,,,
B5,,8/1/2023,3/7/2023,,GVF,1,,uix,1,1,0,,,,
A3,5,8/2/2023,3/7/2023,,PN,1,,mos,1,1,0,,,,
A3,5,8/2/2023,3/7/2023,,PN,1,,uni,1,1,0,,,,
A3,5,8/2/2023,3/7/2023,,PN,1,,unk,2,1,0,,,,
B6,3,8/2/2023,3/7/2023,,PN,0.5,,chy,1,2,0,,,,
B6,3,8/2/2023,3/7/2023,,PN,0.5,,nau,69,1,0,,,,
B6,3,8/2/2023,3/7/2023,,PN,0.5,,cyc,6,1,0,,,,
B6,3,8/2/2023,3/7/2023,,PN,0.5,,unk,2,2,0,,,,
C3,2,8/3/2023,3/7/2023,,GVF,1,,chy,4,0,0,,,,
C3,2,8/3/2023,3/7/2023,,GVF,1,,nau,94,1,0,,,,
C3,2,8/3/2023,3/7/2023,,GVF,1,,unk,2,0,0,,,,
C3,2,8/3/2023,3/7/2023,,GVF,1,,uix,1,0,0,,,,
C3,2,8/3/2023,3/7/2023,,GVF,1,,cyc,1,0,0,,,,
A1,9,8/4/2023,3/7/2023,,GVF,1,,chy,8,1,0,,,,
A1,9,8/4/2023,3/7/2023,,GVF,1,,u13,1,1,0,,,,
A1,9,8/4/2023,3/7/2023,,GVF,1,,nau,180,1,0,,,,
A1,9,8/4/2023,3/7/2023,,GVF,1,,unk,8,0,0,,,,
A1,9,8/4/2023,3/7/2023,,GVF,1,,uix,1,0,0,,,,
A1,9,8/4/2023,3/7/2023,,GVF,1,,dap,35,1,0,,,,
A1,9,8/4/2023,3/7/2023,,GVF,1,,cyc,4,1,0,,,,
B2,6,8/4/2023,3/7/2023,,GVF,1,,chy,10,1,0,,,,
B2,6,8/4/2023,3/7/2023,,GVF,1,,nau,158,1,0,,,,
B2,6,8/4/2023,3/7/2023,,GVF,1,,dap,11,1,0,,,,
B2,6,8/4/2023,3/7/2023,,GVF,1,,unk,2,0,0,,,,
B2,6,8/4/2023,3/7/2023,,GVF,1,,uix,10,0,0,,,,
B2,6,8/4/2023,3/7/2023,,GVF,1,,cal,1,1,0,,,,
B2,6,8/4/2023,3/7/2023,,GVF,1,,thy,1,1,0,,,,
A0,1,8/8/2023,3/7/2023,,GVF,1,,chy,4,1,0,,,,
A0,1,8/8/2023,3/7/2023,,GVF,1,,nau,155,1,0,,,,
A0,1,8/8/2023,3/7/2023,,GVF,1,,dap,3,1,0,,,,
A0,1,8/8/2023,3/7/2023,,GVF,1,,unk,1,1,0,,,,
A0,1,8/8/2023,4/12/2023,,GVF,1,,unk,1,0,0,,,,
A0,1,8/8/2023,4/12/2023,,GVF,1,,i16,1,1,0,,,,
A0,1,8/8/2023,4/12/2023,,GVF,1,,dap,22,1,0,,,,
A0,1,8/8/2023,4/12/2023,,GVF,1,,nau,190,1,0,,,,
A0,1,8/8/2023,4/12/2023,,GVF,1,,cyc,2,0,0,,,,
A0,1,8/8/2023,4/12/2023,,GVF,1,,erg,2,1,0,,,,
A0,1,8/8/2023,4/12/2023,,GVF,1,,chy,279,1,0,,,,
A0,1,8/10/2023,3/7/2023,,RT,1,,dap,1,0,0,,,,
A0,1,8/10/2023,3/7/2023,,RT,1,,nau,80,1,0,,,,
A0,1,8/10/2023,3/7/2023,,RT,1,,chy,2,0,0,,,,
A3,,8/11/2023,3/7/2023,,RT,1,,unk,12,0,0,,,,
A3,,8/11/2023,3/7/2023,,RT,1,,cyc,2,0,0,,,,
B9,10,8/11/2023,3/7/2023,,GVF,1,,unk,2,0,0,,,,
B9,10,8/11/2023,3/7/2023,,GVF,1,,uix,1,1,0,,,,
B9,10,8/11/2023,3/7/2023,,GVF,1,,cal,1,0,0,,,,
B9,10,8/11/2023,3/7/2023,,GVF,1,,chy,25,0,0,,,,
B9,10,8/11/2023,3/7/2023,,GVF,1,,nau,328,0,0,,,,
B9,10,8/11/2023,3/7/2023,,GVF,1,,dap,62,0,0,,,,
B9,10,8/11/2023,3/7/2023,,GVF,1,,ost,2,2,0,,,,
B9,10,8/11/2023,3/7/2023,,GVF,1,,cyc,86,0,0,,,,
B9,10,8/11/2023,3/7/2023,,GVF,1,,thy,1,1,0,,,,
C8,22,8/15/2023,3/7/2023,,GVF,1,,unk,5,1,0,,,,
C8,22,8/15/2023,3/7/2023,,GVF,1,,cyc,3,1,0,,,,
C8,22,8/15/2023,3/7/2023,,GVF,1,,dap,5,1,0,,,,
C8,22,8/15/2023,3/7/2023,,GVF,1,,nau,149,1,0,,,,
C8,22,8/15/2023,3/7/2023,,GVF,1,,chy,4,1,0,,,,
B7,20,8/16/2023,3/7/2023,,GVF,1,,unk,3,1,0,,,,
B7,20,8/16/2023,3/7/2023,,GVF,1,,uix,4,1,0,,,,
B7,20,8/16/2023,3/7/2023,,GVF,1,,erg,1,1,0,,,,
B7,20,8/16/2023,3/7/2023,,GVF,1,,chy,15,1,0,,,,
B7,20,8/16/2023,3/7/2023,,GVF,1,,nau,91,1,0,,,,
B7,20,8/16/2023,3/7/2023,,GVF,1,,dap,4,1,0,,,,
B7,20,8/16/2023,3/7/2023,,GVF,1,,cyc,3,1,0,,,,
A2,29,8/16/2023,4/12/2023,,GVF,1,,chy,117,1,0,,,,
A2,29,8/16/2023,4/12/2023,,GVF,1,,nau,133,1,0,,,,
A2,29,8/16/2023,4/12/2023,,GVF,1,,dap,36,1,0,,,,
A2,29,8/16/2023,4/12/2023,,GVF,1,,unk,4,0,0,,,,
A2,29,8/16/2023,4/12/2023,,GVF,1,,chi,1,1,0,,,,
A2,29,8/16/2023,4/12/2023,,GVF,1,,ost,1,1,0,,,,
A9,13,8/17/2023,3/7/2023,,RT,1,,nau,55,0,0,,,,
A9,13,8/17/2023,3/7/2023,,RT,1,,chy,5,0,0,,,,
A9,13,8/17/2023,3/7/2023,,RT,1,,cyc,1,0,0,,,,
A4,27,8/17/2023,3/7/2023,,GVF,1,,unk,3,0,0,,,,
A4,27,8/17/2023,3/7/2023,,GVF,1,,uni,2,1,0,,,,
A4,27,8/17/2023,3/7/2023,,GVF,1,,nau,25,1,0,,,,
A9,13,8/17/2023,3/7/2023,,GVF,1,,chy,4,1,0,,,,
A9,13,8/17/2023,3/7/2023,,GVF,1,,nau,73,1,0,,,,
A9,13,8/17/2023,3/7/2023,,GVF,1,,dap,1,1,0,,,,
A9,13,8/17/2023,3/7/2023,,GVF,1,,cyc,1,1,0,,,,
A9,13,8/17/2023,3/7/2023,,GVF,1,,unk,2,0,0,,,,
A9,13,8/17/2023,3/7/2023,,GVF,1,,uni,1,1,0,,,,
C5,7,8/18/2023,3/7/2023,,GVF,1,,uix,4,1,0,,,,
C5,7,8/18/2023,3/7/2023,,GVF,1,,unk,5,0,0,,,,
C5,7,8/18/2023,3/7/2023,,GVF,1,,hydra,1,1,0,,,,
C5,7,8/18/2023,3/7/2023,,GVF,1,,chy,5,1,0,,,,
C5,7,8/18/2023,3/7/2023,,GVF,1,,cal,1,1,0,,,,
C5,7,8/18/2023,3/7/2023,,GVF,1,,nau,145,1,0,,,,
C5,7,8/18/2023,3/7/2023,,GVF,1,,dap,31,1,0,,,,
C5,7,8/18/2023,3/7/2023,,GVF,1,,cyc,4,1,0,,,,
B4,26,8/19/2023,3/7/2023,,GVF,1,,dap,4,1,0,,,,
B4,26,8/19/2023,3/7/2023,,GVF,1,,nau,80,1,0,,,,
B4,26,8/19/2023,3/7/2023,,GVF,1,,chy,4,1,0,,,,
B4,26,8/19/2023,3/7/2023,,GVF,1,,in5,1,1,0,,,,
B8,16,8/22/2023,3/7/2023,,GVF,1,,unk,4,1,0,,,,
B8,16,8/22/2023,3/7/2023,,GVF,1,,hydra,2,1,0,,,,
B8,16,8/22/2023,3/7/2023,,GVF,1,,chy,2,1,0,,,,
B8,16,8/22/2023,3/7/2023,,GVF,1,,ephi,1,1,0,,,,
B8,16,8/22/2023,3/7/2023,,GVF,1,,nau,36,1,0,,,,
C7,21,8/23/2023,3/7/2023,,GVF,1,,uix,2,1,0,,,,
C7,21,8/23/2023,3/7/2023,,GVF,1,,unk,6,1,0,,,,
C7,21,8/23/2023,3/7/2023,,GVF,1,,uni,2,1,0,,,,
C7,21,8/23/2023,3/7/2023,,GVF,1,,nau,65,1,0,,,,
C7,21,8/23/2023,3/7/2023,,GVF,1,,dap,3,1,0,,,,
C7,21,8/23/2023,3/7/2023,,GVF,1,,cyc,1,1,0,,,,
C6,14,8/23/2023,3/7/2023,,GVF,1,,chy,5,1,0,,,,
C6,14,8/23/2023,3/7/2023,,GVF,1,,thy,1,1,0,,,,
C6,14,8/23/2023,3/7/2023,,GVF,1,,unk,2,0,0,,,,
C6,14,8/23/2023,3/7/2023,,GVF,1,,hydra,2,1,0,,,,
C6,14,8/23/2023,3/7/2023,,GVF,1,,nau,114,1,0,,,,
C6,14,8/23/2023,3/7/2023,,GVF,1,,dap,23,1,0,,,,
C6,14,8/23/2023,3/7/2023,,GVF,1,,cyc,3,1,0,,,,
A2,29,8/24/2023,3/7/2023,,GVF,1,,uix,2,1,0,,,,
A2,29,8/24/2023,3/7/2023,,GVF,1,,chi,3,1,0,,,,
A2,29,8/24/2023,3/7/2023,,GVF,1,,unk,1,1,0,,,,
A2,29,8/24/2023,3/7/2023,,GVF,1,,nau,126,1,0,,,,
A2,29,8/24/2023,3/7/2023,,GVF,1,,dap,15,1,0,,,,
A2,29,8/24/2023,3/7/2023,,GVF,1,,cyc,1,1,0,,,,
C9,4,8/28/2023,3/7/2023,,RT,1,,nau,14,1,0,,,,
C9,4,8/28/2023,3/7/2023,,RT,1,,chy,4,1,0,,,,
C9,4,8/28/2023,3/7/2023,,RT,1,,bos,9,1,0,,,,
C9,4,8/28/2023,3/7/2023,,RT,1,,dap,2,1,0,,,,
C9,4,8/28/2023,3/7/2023,,RT,1,,chir,1,1,0,,,,
C9,4,8/28/2023,3/7/2023,,RT,1,,un6,1,1,0,,,,
C0,12,8/29/2023,3/7/2023,,RT,1,,chy,4,1,0,,,,
C0,12,8/29/2023,3/7/2023,,RT,1,,chir,2,1,0,,,,
C0,12,8/29/2023,3/7/2023,,RT,1,,nau,139,2,0,,,,
C0,12,8/29/2023,3/7/2023,,RT,1,,dap,49,1,0,,,,
C0,12,8/29/2023,3/7/2023,,RT,1,,cyc,1,1,0,,,,
C0,12,8/29/2023,3/7/2023,,RT,1,,mos,1,1,0,,,,
C0,12,8/30/2023,3/7/2023,,RT,1,,hydra,1,1,0,,,,
A8,19,8/31/2023,3/7/2023,,GVF,1,,uix,1,1,0,,,,
A8,19,8/31/2023,3/7/2023,,GVF,1,,unk,1,1,0,,,,
A8,19,8/31/2023,3/7/2023,,GVF,1,,uni,1,1,0,,,,
A8,19,8/31/2023,3/7/2023,,GVF,1,,un0,6,1,0,,,,
A8,19,8/31/2023,3/7/2023,,GVF,1,,hydra,1,1,0,,,,
A8,19,8/31/2023,3/7/2023,,GVF,1,,chy,8,1,0,,,,
A8,19,8/31/2023,3/7/2023,,GVF,1,,nau,116,1,0,,,,
A8,19,8/31/2023,3/7/2023,,GVF,1,,dap,8,1,0,,,,
A8,19,8/31/2023,3/7/2023,,GVF,1,,cyc,7,1,0,,,,
C1,25,9/2/2023,3/7/2023,,GVF,1,,chy,12,1,0,,,,
C1,25,9/2/2023,3/7/2023,,GVF,1,,chi,2,1,0,,,,
C1,25,9/2/2023,3/7/2023,,GVF,1,,nau,21,1,0,,,,
C1,25,9/2/2023,3/7/2023,,GVF,1,,dap,17,1,0,,,,
C1,25,9/2/2023,3/7/2023,,GVF,1,,cyc,33,1,0,,,,
C1,25,9/2/2023,3/7/2023,,GVF,1,,uix,4,1,0,,,,
C1,25,9/2/2023,3/7/2023,,GVF,1,,unk,3,1,0,,,,
C1,25,9/2/2023,3/7/2023,,GVF,1,,uni,2,1,0,,,,
C1,25,9/2/2023,3/7/2023,,GVF,1,,un0,8,1,0,,,,
C1,25,9/2/2023,3/7/2023,,GVF,1,,ephi,2,1,0,,,,
C7,21,9/4/2023,6/12/2023,,GVF,1,,mql,4,1,0,,,,
C7,21,9/4/2023,6/12/2023,,GVF,1,,thrip,10,1,0,,,,
C7,21,9/4/2023,6/12/2023,,GVF,1,,unk,40,1,0,,,,
C7,21,9/4/2023,6/12/2023,,GVF,1,,hydra,1,1,0,,,,
C7,21,9/4/2023,6/12/2023,,GVF,1,,chy,89,1,0,,,,
C7,21,9/4/2023,6/12/2023,,GVF,1,,nau,1,0,0,,,,
C7,21,9/4/2023,6/12/2023,,GVF,1,,dap,21,1,0,,,,
C7,21,9/4/2023,6/12/2023,,GVF,1,,mon,626,1,0,,,,
C7,21,9/4/2023,6/12/2023,,GVF,1,,chi,2,0,0,,,,
C7,21,9/5/2023,4/12/2023,,RT,1,,chy,203,2,0,,,,
C7,21,9/5/2023,4/12/2023,,RT,1,,ker,70,4,0,,,,
C7,21,9/5/2023,4/12/2023,,RT,1,,nau,12,3,0,,,,
C7,21,9/5/2023,4/12/2023,,RT,1,,dap,1,1,0,,,,
C6,14,9/6/2023,4/12/2023,,RT,1,,chy,61,2,0,,,,
C6,14,9/6/2023,4/12/2023,,RT,1,,nau,67,3,0,,,,
C6,14,9/6/2023,4/12/2023,,RT,1,,dap,275,3,0,,,,
A7,23,9/6/2023,4/12/2023,,RT,1,,chy,1,1,0,,,,
A7,23,9/6/2023,4/12/2023,,RT,1,,dap,11,1,0,,,,
A7,23,9/6/2023,4/12/2023,,RT,1,,mos,1,1,0,,,,
A7,23,9/6/2023,4/12/2023,,RT,1,,unk,1,1,0,,,,
A7,23,9/6/2023,4/12/2023,,RT,1,,chir,1,1,0,,,,
B3,8,9/8/2023,3/7/2023,,RT,1,,nau,150,3,0,,,,
B3,8,9/8/2023,3/7/2023,,RT,1,,chy,8,1,0,,,,
B3,8,9/8/2023,3/7/2023,,RT,1,,dap,15,1,0,,,,
B3,8,9/8/2023,3/7/2023,,RT,1,,chir,1,1,0,,,,
B3,8,9/8/2023,3/7/2023,,RT,1,,cyc,3,2,0,,,,
B3,8,9/8/2023,3/7/2023,,RT,1,,unk,1,1,0,,,,
Sub1 C2,18,9/10/2023,3/7/2023,,GVF,1,,chy,26,1,0,,,,
Sub1 C2,18,9/10/2023,3/7/2023,,GVF,1,,nau,48,1,0,,,,
Sub1 C2,18,9/10/2023,3/7/2023,,GVF,1,,dap,2,1,0,,,,
Sub1 C2,18,9/10/2023,3/7/2023,,GVF,1,,chi,3,1,0,,,,
Sub1 C2,18,9/10/2023,3/7/2023,,GVF,1,,uix,3,1,0,,,,
Sub1 C2,18,9/10/2023,3/7/2023,,GVF,1,,un0,11,0,0,,,,
Sub1 C2,18,9/10/2023,3/7/2023,,GVF,1,,unk,1,1,0,,,,
Sub2 C2,18,9/12/2023,3/7/2023,,GVF,1,,un0,13,1,0,,,,
Sub2 C2,18,9/12/2023,3/7/2023,,GVF,1,,chy,16,1,0,,,,
Sub2 C2,18,9/12/2023,3/7/2023,,GVF,1,,nau,60,1,0,,,,
Sub2 C2,18,9/12/2023,3/7/2023,,GVF,1,,dap,2,1,0,,,,
C3,2,9/13/2023,4/12/2023,,RT,1,,chy,309,1,0,,,,
C3,2,9/13/2023,4/12/2023,,RT,1,,ephi,5,1,0,,,,
C3,2,9/13/2023,4/12/2023,,RT,1,,nau,354,1,0,,,,
C3,2,9/13/2023,4/12/2023,,RT,1,,dap,63,1,0,,,,
C4,30,9/13/2023,3/7/2023,,RT,1,,chy,13,1,0,,,,
C4,30,9/13/2023,3/7/2023,,RT,1,,cyc,1,1,0,,,,
C4,30,9/13/2023,3/7/2023,,RT,1,,dap,2,1,0,,,,
C4,30,9/13/2023,3/7/2023,,RT,1,,nau,14,1,0,,,,
A8,19,9/14/2023,4/12/2023,,RT,1,,dap,8,1,0,,,,
A8,19,9/14/2023,4/12/2023,,RT,1,,chy,1,1,0,,,,
A5,24,9/14/2023,4/12/2023,,GVF,1,,chy,71,1,0,,,,
A5,24,9/14/2023,4/12/2023,,GVF,1,,un0,2,0,0,,,,
A5,24,9/14/2023,4/12/2023,,GVF,1,,ephi,1,0,0,,,,
A5,24,9/14/2023,4/12/2023,,GVF,1,,mon,127,1,0,,,,
C2,18,9/14/2023,4/12/2023,,GVF,1,,chy,82,1,0,,,,
C2,18,9/14/2023,4/12/2023,,GVF,1,,cyc,1,1,0,,,,
C2,18,9/14/2023,4/12/2023,,GVF,1,,chi,1,0,0,,,,
C2,18,9/14/2023,4/12/2023,,GVF,1,,un0,4,0,0,,,,
C2,18,9/14/2023,4/12/2023,,GVF,1,,unk,1,1,0,,,,
C2,18,9/14/2023,4/12/2023,,GVF,1,,unc,5,1,0,,,,
C2,18,9/14/2023,4/12/2023,,GVF,1,,ephi,1,1,0,,,,
C2,18,9/14/2023,4/12/2023,,GVF,1,,mon,13,1,0,,,,
C2,18,9/14/2023,4/12/2023,,GVF,1,,nau,152,1,0,,,,
C2,18,9/14/2023,4/12/2023,,GVF,1,,dap,136,1,0,,,,
B8,16,9/15/2023,4/12/2023,,RT,1,,chy,199,3,0,,,,
B8,16,9/15/2023,4/12/2023,,RT,1,,chir,1,1,0,,,,
B8,16,9/15/2023,4/12/2023,,RT,1,,dap,5,2,0,,,,
C4,30,9/17/2023,4/12/2023,,GVF,1,,ephi,18,1,0,,,,
C4,30,9/17/2023,4/12/2023,,GVF,1,,unc,18,1,0,,,,
C4,30,9/17/2023,4/12/2023,,GVF,1,,uix,1,0,0,,,,
C4,30,9/17/2023,4/12/2023,,GVF,1,,uni,2,1,0,,,,
C4,30,9/17/2023,4/12/2023,,GVF,1,,in2,1,1,0,,,,
C4,30,9/17/2023,4/12/2023,,GVF,1,,ost,1,1,0,,,,
C4,30,9/17/2023,4/12/2023,,GVF,1,,chy,173,1,0,,,,
C4,30,9/17/2023,4/12/2023,,GVF,1,,nau,209,1,0,,,,
C4,30,9/17/2023,4/12/2023,,GVF,1,,dap,249,1,0,,,,
C4,30,9/17/2023,4/12/2023,,GVF,1,,mon,2,0,0,,,,
C0,12,9/19/2023,6/12/2023,,GVF,1,,hydra,1,1,0,,,,
C0,12,9/19/2023,6/12/2023,,GVF,1,,i16,1,1,0,,,,
C0,12,9/19/2023,6/12/2023,,GVF,1,,un0,2,0,0,,,,
C0,12,9/19/2023,6/12/2023,,GVF,1,,ost,582,1,0,,,,
C0,12,9/19/2023,6/12/2023,,GVF,1,,chy,55,1,0,,,,
C0,12,9/19/2023,6/12/2023,,GVF,1,,dap,55,1,0,,,,
C0,12,9/19/2023,6/12/2023,,GVF,1,,mon,1,0,0,,,,
A9,13,9/21/2023,4/12/2023,,MS,1,,mqa,1,1,1,,,,
A9,13,9/21/2023,4/12/2023,,MS,1,,unk,1,1,1,,,,
C1,25,9/21/2023,4/12/2023,,GVF,1,,erg,2,1,0,,,,
C1,25,9/21/2023,4/12/2023,,GVF,1,,un0,3,0,0,,,,
C1,25,9/21/2023,4/12/2023,,GVF,1,,chy,22,1,0,,,,
C1,25,9/21/2023,4/12/2023,,GVF,1,,ephi,18,1,0,,,,
C1,25,9/21/2023,4/12/2023,,GVF,1,,nau,490,1,0,,,,
C1,25,9/21/2023,4/12/2023,,GVF,1,,dap,85,1,0,,,,
C1,25,9/21/2023,4/12/2023,,GVF,1,,cyc,1,1,0,,,,
C1,25,9/21/2023,4/12/2023,,GVF,1,,mon,2,1,0,,,,
B9,10,9/22/2023,4/12/2023,,RT,1,,chy,68,1,0,,,,
B9,10,9/22/2023,4/12/2023,,RT,1,,nau,162,3,0,,,,
B9,10,9/22/2023,4/12/2023,,RT,1,,dap,28,3,0,,,,
B9,10,9/22/2023,4/12/2023,,RT,1,,cyc,1,1,0,,,,
B9,10,9/22/2023,4/12/2023,,RT,1,,ost,40,2,0,,,,
B9,10,9/22/2023,4/12/2023,,RT,1,,ephi,3,2,0,,,,
A6,17,9/22/2023,3/7/2023,,RT,1,,cal,1,1,0,,,,
A6,17,9/22/2023,3/7/2023,,RT,1,,chy,12,1,0,,,,
A6,17,9/22/2023,3/7/2023,,RT,1,,cyc,3,3,0,,,,
A6,17,9/22/2023,3/7/2023,,RT,1,,dap,16,3,0,,,,
Sub1 C3,2,9/24/2023,6/12/2023,,GVF,1,,erg,1,1,0,,,,
Sub1 C3,2,9/24/2023,6/12/2023,,GVF,1,,uni,2,1,0,,,,
Sub1 C3,2,9/24/2023,6/12/2023,,GVF,1,,uno,3,1,0,,,,
Sub1 C3,2,9/24/2023,6/12/2023,,GVF,1,,chi,3,1,0,,,,
Sub1 C3,2,9/24/2023,6/12/2023,,GVF,1,,chy,67,1,0,,,,
Sub1 C3,2,9/24/2023,6/12/2023,,GVF,1,,ost,250,1,0,,,,
Sub1 C3,2,9/24/2023,6/12/2023,,GVF,1,,nau,8,1,0,,,,
Sub1 C3,2,9/24/2023,6/12/2023,,GVF,1,,dap,4,1,0,,,,
Sub1 C3,2,9/24/2023,6/12/2023,,GVF,1,,eur,10,1,0,,,,
Sub1 C3,2,9/24/2023,6/12/2023,,GVF,1,,mon,3,1,0,,,,
Sub2 C3,2,9/24/2023,6/12/2023,,GVF,1,,cal,1,1,0,,,,
Sub2 C3,2,9/24/2023,6/12/2023,,GVF,1,,thy,3,1,0,,,,
Sub2 C3,2,9/24/2023,6/12/2023,,GVF,1,,hydra,3,0,0,,,,
Sub2 C3,2,9/24/2023,6/12/2023,,GVF,1,,eur,23,1,0,,,,
Sub2 C3,2,9/24/2023,6/12/2023,,GVF,1,,cyc,1,1,0,,,,
Sub2 C3,2,9/24/2023,6/12/2023,,GVF,1,,chy,67,0,0,,,,
Sub2 C3,2,9/24/2023,6/12/2023,,GVF,1,,ost,294,1,0,,,,
Sub2 C3,2,9/24/2023,6/12/2023,,GVF,1,,nau,21,0,0,,,,
Sub2 C3,2,9/24/2023,6/12/2023,,GVF,1,,dap,7,1,0,,,,
Sub2 C3,2,9/24/2023,6/12/2023,,GVF,1,,un0,4,0,0,,,,
Sub2 C3,2,9/24/2023,6/12/2023,,GVF,1,,mon,8,1,0,,,,
Sub2 C3,2,9/24/2023,6/12/2023,,GVF,1,,uni,1,1,0,,,,
B2,6,9/25/2023,4/12/2023,,GVF,1,,ephi,2,0,0,,,,
B2,6,9/25/2023,4/12/2023,,GVF,1,,chy,371,1,0,,,,
B2,6,9/25/2023,4/12/2023,,GVF,1,,nau,298,1,0,,,,
B2,6,9/25/2023,4/12/2023,,GVF,1,,dap,18,1,0,,,,
B2,6,9/25/2023,4/12/2023,,GVF,1,,uni,1,1,0,,,,
B2,6,9/25/2023,4/12/2023,,GVF,1,,un0,3,0,0,,,,
B6,3,9/26/2023,4/12/2023,,RT,1,,nau,2057,0,0,,,,
B6,3,9/26/2023,4/12/2023,,RT,1,,chy,405,1,0,,,,
B6,3,9/26/2023,4/12/2023,,RT,1,,cyc,2,1,0,,,,
B6,3,9/26/2023,4/12/2023,,RT,1,,erg,1,1,0,,,,
B6,3,9/28/2023,4/12/2023,,RT,1,,i15,1,1,0,,,,
B6,3,9/28/2023,4/12/2023,,RT,1,,dap,11,1,0,,,,
B5,11,10/3/2023,4/12/2023,,GVF,1,,eur,1,1,0,,,,
B5,11,10/3/2023,4/12/2023,,GVF,1,,in2,1,1,0,,,,
B5,11,10/3/2023,4/12/2023,,GVF,1,,un0,3,0,0,,,,
B5,11,10/3/2023,4/12/2023,,GVF,1,,uni,1,1,0,,,,
B5,11,10/3/2023,4/12/2023,,GVF,1,,ephi,1,1,0,,,,
B5,11,10/3/2023,4/12/2023,,GVF,1,,chy,6,1,0,,,,
B5,11,10/3/2023,4/12/2023,,GVF,1,,dap,1,1,0,,,,
C9,4,10/5/2023,4/12/2023,,RT,1,,dap,114,2,0,,,,
C9,4,10/5/2023,4/12/2023,,RT,1,,nau,2,1,0,,,,
C9,4,10/5/2023,4/12/2023,,RT,1,,chy,25,1,0,,,,
C9,4,10/5/2023,4/12/2023,,RT,1,,uni,1,1,0,,,,
B4,26,10/6/2023,4/12/2023,,MSC,1,,dap,292,1,0,,,,
B4,26,10/6/2023,4/12/2023,,MSC,1,,chy,906,1,0,,,,
B4,26,10/6/2023,4/12/2023,,MSC,1,,mon,5,1,0,,,,
B4,26,10/6/2023,4/12/2023,,MSC,1,,ephi,23,1,0,,,,
B4,26,10/6/2023,4/12/2023,,MSC,1,,chi,1,1,0,,,,
C8,22,10/8/2023,4/12/2023,,GVF,0.5,,chi,1,1,0,,,,
C8,22,10/8/2023,4/12/2023,,GVF,0.5,,ost,6,1,0,,,,
C8,22,10/8/2023,4/12/2023,,GVF,0.5,,un0,2,0,0,,,,
C8,22,10/8/2023,4/12/2023,,GVF,0.5,,uni,1,1,0,,,,
C8,22,10/8/2023,4/12/2023,,GVF,0.5,,chy,20,1,0,,,,
C8,22,10/8/2023,4/12/2023,,GVF,0.5,,ephi,26,1,0,,,,
C8,22,10/8/2023,4/12/2023,,GVF,0.5,,nau,1,0,0,,,,
C8,22,10/8/2023,4/12/2023,,GVF,0.5,,cyc,1,1,0,,,,
C8,22,10/8/2023,4/12/2023,,GVF,0.5,,dap,197,1,0,,,,
B9,10,10/9/2023,6/12/2023,,GVF,0.5,,ost,96,1,0,,,,
B9,10,10/9/2023,6/12/2023,,GVF,0.5,,un0,3,0,0,,,,
B9,10,10/9/2023,6/12/2023,,GVF,0.5,,chy,262,1,0,,,,
B9,10,10/9/2023,6/12/2023,,GVF,1,,dap,185,1,0,,,,
B9,10,10/9/2023,6/12/2023,,GVF,1,,i16,2,1,0,,,,
B9,10,10/9/2023,6/12/2023,,GVF,1,,thy,1,1,0,,,,
B7,20,10/10/2023,4/12/2023,,GVF,1,,mon,10,1,0,,,,
B7,20,10/10/2023,4/12/2023,,GVF,1,,chy,178,1,0,,,,
B7,20,10/10/2023,4/12/2023,,GVF,1,,nau,484,1,0,,,,
B7,20,10/10/2023,4/12/2023,,GVF,1,,dap,283,1,0,,,,
A0,,10/10/2023,6/12/2023,,GVF,1,,cyc,10,1,0,,,,
A0,,10/10/2023,6/12/2023,,GVF,1,,chi,2,1,0,,,,
A0,,10/10/2023,6/12/2023,,GVF,0.5,,ost,16,1,0,,,,
A0,,10/10/2023,6/12/2023,,GVF,0.5,,un0,2,0,0,,,,
A0,,10/10/2023,6/12/2023,,GVF,1,,thy,5,1,0,,,,
A0,,10/10/2023,6/12/2023,,GVF,1,,i16,5,1,0,,,,
A0,,10/10/2023,6/12/2023,,GVF,0.5,,chy,218,1,0,,,,
A0,,10/10/2023,6/12/2023,,GVF,1,,ephi,2,0,0,,,,
A0,,10/10/2023,6/12/2023,,GVF,1,,dap,59,1,0,,,,
A0,,10/10/2023,6/12/2023,,GVF,1,,hydra,7,1,0,,,,
A0,,10/10/2023,6/12/2023,,GVF,0.5,,mon,118,1,0,,,,
A0,,10/10/2023,6/12/2023,,GVF,1,,uni,1,1,0,,,,
A0,,10/10/2023,6/12/2023,,GVF,1,,bzr,1,1,0,,,,
A0,,10/10/2023,6/12/2023,,GVF,1,,zor,1,1,0,,,,
A0,,10/10/2023,6/12/2023,,GVF,1,,erg,1,1,0,,,,
A6,,10/11/2023,4/12/2023,,MSC,1,,chy,5,1,0,,,,
A6,,10/11/2023,4/12/2023,,MSC,1,,mon,1,1,0,,,,
A6,,10/11/2023,4/12/2023,,MSC,1,,nau,1,1,0,,,,
A6,,10/11/2023,4/12/2023,,MSC,1,,thy,1,1,0,,,,
A6,,10/11/2023,4/12/2023,,MSC,1,,ephi,1,1,0,,,,
A6,,10/11/2023,4/12/2023,,MSC,1,,un0,1,1,0,,,,
A6,,10/11/2023,4/12/2023,,MSC,1,,unk,1,1,0,,,,
C2,,10/15/2023,6/12/2023,,GVF,1,,dap,57,1,0,,,,
C2,,10/15/2023,6/12/2023,,GVF,0.5,,ost,3,1,0,,,,
C2,,10/15/2023,6/12/2023,,GVF,0.5,,mon,17,1,0,,,,
C2,,10/15/2023,6/12/2023,,GVF,0.5,,un0,2,0,0,,,,
C2,,10/15/2023,6/12/2023,,GVF,0.5,,eur,1,0,0,,,,
C2,,10/15/2023,6/12/2023,,GVF,1,,hydra,1,1,0,,,,
C2,,10/15/2023,6/12/2023,,GVF,0.5,,chy,163,1,0,,,,
A1,,10/16/2023,4/12/2023,,GVF,0.5,,chy,94,1,0,,,,
A1,,10/16/2023,4/12/2023,,GVF,0.5,,ephi,11,1,0,,,,
A1,,10/16/2023,4/12/2023,,GVF,0.5,,nau,39,1,0,,,,
A1,,10/16/2023,4/12/2023,,GVF,0.5,,dap,25,1,0,,,,
A1,,10/16/2023,4/12/2023,,GVF,1,,erg,1,1,0,,,,
A1,,10/16/2023,4/12/2023,,GVF,0.5,,mon,9,1,0,,,,
A1,,10/16/2023,4/12/2023,,GVF,1,,dap,601,1,0,,,,
A3,,10/17/2023,6/12/2023,,GVF,1,,zor,1,1,0,,,,
A3,,10/17/2023,6/12/2023,,GVF,1,,thy,1,1,0,,,,
A3,,10/17/2023,6/12/2023,,GVF,0.5,,chy,352,1,0,,,,
A3,,10/17/2023,6/12/2023,,GVF,1,,ephi,1,0,0,,,,
A3,,10/17/2023,6/12/2023,,GVF,0.5,,nau,441,1,0,,,,
A3,,10/17/2023,6/12/2023,,GVF,0.5,,un0,2,1,0,,,,
A3,,10/17/2023,6/12/2023,,GVF,1,,hydra,2,1,0,,,,
A3,,10/17/2023,6/12/2023,,GVF,1,,cyc,4,1,0,,,,
A3,,10/17/2023,6/12/2023,,GVF,1,,dap,508,1,0,,,,
A3,,10/17/2023,6/12/2023,,GVF,0.5,,ost,7,1,0,,,,
A3,,10/17/2023,6/12/2023,,GVF,1,,uix,3,1,0,,,,
C5,,10/18/2023,4/12/2023,,GVF,1,,chy,318,1,,,,,
C5,,10/18/2023,4/12/2023,,GVF,1,,nau,295,1,,,,,
C5,,10/18/2023,4/12/2023,,GVF,1,,un0,1,0,,,,,
C5,,10/18/2023,4/12/2023,,GVF,1,,in2,1,1,,,,,
C5,,10/18/2023,4/12/2023,,GVF,1,,dap,2,1,,,,,
C5,,10/18/2023,4/12/2023,,GVF,1,,mon,89,1,,,,,
C5,,10/18/2023,4/12/2023,,GVF,1,,erg,4,1,,,,,
B8,,10/19/2023,3/23/2023,,MSC,1,,nau,33,3,0,,,,
B8,,10/19/2023,3/23/2023,,MSC,1,,chy,8,1,0,,,,
B8,,10/19/2023,3/23/2023,,MSC,1,,in2,1,1,0,,,,
B5,,10/20/2023,3/23/2023,,MSC,1,,chy,19,1,0,,,,
B5,,10/20/2023,3/23/2023,,MSC,1,,nau,23,1,0,,,,
B5,,10/20/2023,3/23/2023,,MSC,1,,ost,1,1,0,,,,
B5,,10/20/2023,3/23/2023,,MSC,1,,dap,1,1,0,,,,
B3,,10/22/2023,6/12/2023,,GVF,1,,chy,240,1,0,,,,
B3,,10/22/2023,6/12/2023,,GVF,1,,ephi,7,1,0,,,,
B3,,10/22/2023,6/12/2023,,GVF,0.5,,nau,2,0,0,,,,
B3,,10/22/2023,6/12/2023,,GVF,1,,hydra,2,1,0,,,,
B3,,10/22/2023,6/12/2023,,GVF,1,,dap,294,1,0,,,,
B3,,10/22/2023,6/12/2023,,GVF,0.5,,ost,41,1,0,,,,
B3,,10/22/2023,6/12/2023,,GVF,0.5,,mon,3,1,0,,,,
B3,,10/22/2023,6/12/2023,,GVF,1,,zor,1,1,0,,,,
B3,,10/22/2023,6/12/2023,,GVF,1,,chi,1,1,0,,,,
B3,,10/22/2023,6/12/2023,,GVF,1,,thy,1,1,0,,,,
B3,,10/22/2023,6/12/2023,,GVF,1,,cyc,1,1,0,,,,
B3,,10/22/2023,6/12/2023,,GVF,1,,uni,1,1,0,,,,
A4,,10/23/2023,4/12/2023,,GVF,1,,chi,1,1,0,,,,
A4,,10/23/2023,4/12/2023,,GVF,1,,mon,1,1,0,,,,
A4,,10/23/2023,4/12/2023,,GVF,1,,zor,1,1,0,,,,
A4,,10/23/2023,4/12/2023,,GVF,1,,chy,1,0,0,,,,
A4,,10/23/2023,4/12/2023,,GVF,1,,un0,4,1,0,,,,
A4,,10/23/2023,4/12/2023,,GVF,1,,unk,1,0,0,,,,
A4,,10/23/2023,4/12/2023,,GVF,1,,nau,1,1,0,,,,
B0,,10/24/2023,4/12/2023,,MSC,1,,dap,177,1,0,,,,
B0,,10/24/2023,4/12/2023,,MSC,1,,chy,26,1,0,,,,
B0,,10/24/2023,4/12/2023,,MSC,1,,ephi,3,1,0,,,,
B0,,10/24/2023,4/12/2023,,MSC,1,,nau,16,1,0,,,,
C0,,10/24/2023,4/12/2023,,MSC,1,,erg,347,1,0,,,,
C0,,10/24/2023,4/12/2023,,MSC,1,,nau,849,2,0,,,,
C0,,10/24/2023,4/12/2023,,MSC,1,,dap,198,2,0,,,,
C0,,10/24/2023,4/12/2023,,MSC,1,,mon,6,1,0,,,,
C0,,10/24/2023,4/12/2023,,MSC,1,,ost,1,0,0,,,,
C0,,10/24/2023,4/12/2023,,MSC,1,,ephi,1,1,0,,,,
B8,,10/24/2023,6/12/2023,,GVF,0.5,,chi,1,1,0,,,,
B8,,10/24/2023,6/12/2023,,GVF,0.5,,ost,3,0,0,,,,
B8,,10/24/2023,6/12/2023,,GVF,0.5,,un0,4,0,0,,,,
B8,,10/24/2023,6/12/2023,,GVF,0.5,,chy,29,0,0,,,,
B8,,10/24/2023,6/12/2023,,GVF,0.5,,thy,1,1,0,,,,
B8,,10/24/2023,6/12/2023,,GVF,0.5,,nau,5,1,0,,,,
B8,,10/24/2023,6/12/2023,,GVF,0.5,,hydra,1,1,0,,,,
B8,,10/24/2023,6/12/2023,,GVF,0.5,,mon,1042,1,0,,,,
B8,,10/24/2023,6/12/2023,,GVF,0.5,,dap,813,1,0,,,,
B3,,10/25/2023,4/12/2023,,GVF,1,,dap,17,1,0,,,,
B3,,10/25/2023,4/12/2023,,GVF,1,,mon,4,1,0,,,,
B3,,10/25/2023,4/12/2023,,GVF,1,,un0,3,0,0,,,,
B3,,10/25/2023,4/12/2023,,GVF,1,,chy,263,1,0,,,,
B3,,10/25/2023,4/12/2023,,GVF,1,,ephi,9,1,0,,,,
B3,,10/25/2023,4/12/2023,,GVF,1,,uni,1,1,0,,,,
B3,,10/25/2023,4/12/2023,,GVF,1,,erg,1,1,0,,,,
B3,,10/25/2023,4/12/2023,,GVF,1,,cyc,2,1,0,,,,
B3,,10/25/2023,4/12/2023,,GVF,1,,nau,942,1,0,,,,
A9,,10/26/2023,6/12/2023,,MSC,1,1,nau,2,1,0,,,,
A9,,10/26/2023,6/12/2023,,MSC,1,1,chy,2,1,0,,,,
A9,,10/26/2023,6/12/2023,,MSC,1,1,chi,6,1,0,,,,
A9,,10/26/2023,6/12/2023,,MSC,1,1,dap,2,1,0,,,,
A9,,10/26/2023,6/12/2023,,MSC,1,1,mon,11,1,0,,,,
A9,,11/2/2023,6/12/2023,,MSC,1,1,eur,2,1,0,,,,
A9,,11/2/2023,6/12/2023,,MSC,1,1,unk,1,1,0,,,,
A5,24,10/26/2023,3/7/2023,,RT,1,,nau,12,3,0,,,,
A5,24,10/26/2023,3/7/2023,,RT,1,,cyc,6,3,0,,,,
A5,24,10/26/2023,3/7/2023,,RT,1,,dap,3,2,0,,,,
A5,24,10/26/2023,3/7/2023,,RT,1,,chy,3,1,0,,,,
B7,,10/27/2023,6/12/2023,,MSC,0.5,,bzn,1,1,0,,,,
B7,,10/27/2023,6/12/2023,,MSC,0.5,,mon,57,1,0,,,,
B7,,10/27/2023,6/12/2023,,MSC,1,,dap,104,2,0,,,,
B7,,10/27/2023,6/12/2023,,MSC,1,,chi,5,1,0,,,,
B7,,10/27/2023,6/12/2023,,MSC,0.5,,chy,299,1,0,,,,
B7,,10/27/2023,6/12/2023,,MSC,0.5,,thrips,1,1,0,,,,
B7,,10/27/2023,6/12/2023,,MSC,0.5,,hydra,3,1,0,,,,
B7,,10/27/2023,6/12/2023,,MSC,0.5,,un0,1,1,0,,,,
B7,,10/27/2023,6/12/2023,,MSC,0.5,,unk 1,1,1,0,,,,
B7,,10/27/2023,6/12/2023,,MSC,0.5,,unk 2,1,1,0,,,,
B7,,10/31/2023,6/12/2023,,MSC,0.5,,unk 3,1,1,0,,,,
B7,,10/31/2023,6/12/2023,,MSC,0.5,,dyt,1,1,0,,,,
B1,,10/30/2023,4/12/2023,,GVF,1,,chi,3,1,0,,,,
B1,,10/30/2023,4/12/2023,,GVF,0.5,,ost,26,1,0,,,,
B1,,10/30/2023,4/12/2023,,GVF,0.5,,uni,1,1,0,,,,
B1,,10/30/2023,4/12/2023,,GVF,1,,dap,78,1,0,,,,
B1,,10/30/2023,4/12/2023,,GVF,0.5,,chy,654,1,0,,,,
B1,,10/30/2023,4/12/2023,,GVF,1,,ephi,29,1,0,,,,
B1,,10/30/2023,4/12/2023,,GVF,1,,in2,1,1,0,,,,
C1,,10/31/2023,6/12/2023,,MSC,0.5,4,chy,431,2,0,,,,
C1,,10/31/2023,6/12/2023,,MSC,0.5,4,nau,526,1,0,,,,
C1,,10/31/2023,6/12/2023,,MSC,0.5,4,hydra,1,1,0,,,,
C1,,10/31/2023,6/12/2023,,MSC,1,4,chi,9,3,0,,,,
C1,,10/31/2023,6/12/2023,,MSC,0.5,4,mon,147,2,0,,,,
C1,,10/31/2023,6/12/2023,,MSC,0.5,4,un0,1,1,0,,,,
C1,,10/31/2023,6/12/2023,,MSC,1,4,dap,20,1,0,,,,
C1,,10/31/2023,6/12/2023,,MSC,0.5,4,thrips,1,1,0,,,,
C1,,11/2/2023,6/12/2023,,MSC,1,4,ephi,3,1,0,,,,
A3,,10/31/2023,4/12/2023,,GVF,1,1,chi,2,1,0,,,,
A3,,10/31/2023,4/12/2023,,GVF,1,1,cyc,2,1,0,,,,
A3,,10/31/2023,4/12/2023,,GVF,1,1,uni,1,0,0,,,,
B6,,11/5/2023,6/12/2023,,GVF,1,3,chy,12,1,0,,,,
B6,,11/5/2023,6/12/2023,,GVF,1,3,dap,13,1,0,,,,
B6,,11/5/2023,6/12/2023,,GVF,1,3,zor,1,1,0,,,,
B6,,11/5/2023,6/12/2023,,GVF,0.5,3,eur,10,1,0,,,,
B6,,11/5/2023,6/12/2023,,GVF,1,3,hydra,1,1,0,,,,
B6,,11/5/2023,6/12/2023,,GVF,1,3,cyc,3,1,0,,,,
B6,,11/5/2023,6/12/2023,,GVF,1,3,thy,2,1,0,,,,
B6,,11/5/2023,6/12/2023,,GVF,1,3,ost,39,1,0,,,,
B6,,11/5/2023,6/12/2023,,GVF,0.5,3,mon,305,1,0,,,,
B6,,11/5/2023,6/12/2023,,GVF,0.5,3,nau,907,1,0,,,,
B6,,11/5/2023,6/12/2023,,GVF,1,3,erg,1,1,0,,,,
B6,,11/5/2023,6/12/2023,,GVF,1,3,cal,1,1,0,,,,
A2,,11/6/2023,6/12/2023,,MS,1,3,chy,60,1,0,,,,
A2,,11/6/2023,6/12/2023,,MS,1,3,ost,9,1,0,,,,
A2,,11/6/2023,6/12/2023,,MS,1,3,ephi,2,1,0,,,,
A2,,11/6/2023,6/12/2023,,MS,1,3,dap,7,1,0,,,,
A2,,11/6/2023,6/12/2023,,MS,1,3,unkown,1,1,0,,,,
A4,,11/6/2023,6/12/2023,,GVF,1,3,eur,1,0,0,,,,
A4,,11/6/2023,6/12/2023,,GVF,1,3,mon,292,1,0,,,,
A4,,11/6/2023,6/12/2023,,GVF,1,3,dap,1,0,0,,,,
A4,,11/6/2023,6/12/2023,,GVF,1,3,uni,1,1,0,,,,
A4,,11/6/2023,6/12/2023,,GVF,1,3,thy,4,1,0,,,,
A4,,11/6/2023,6/12/2023,,GVF,1,3,ephi,7,1,0,,,,
A4,,11/6/2023,6/12/2023,,GVF,1,3,chi,35,1,0,,,,
A4,,11/6/2023,6/12/2023,,GVF,1,3,hydra,3,1,0,,,,
A4,,11/6/2023,6/12/2023,,GVF,1,3,in5,1,1,0,,,,
A4,,11/6/2023,6/12/2023,,GVF,1,3,ost,7,1,0,,,,
A4,,11/6/2023,6/12/2023,,GVF,1,3,un0,1,0,0,,,,
A6,,11/7/2023,6/12/2023,,MSC,1,2,chi,12,1,0,,,,
A6,,11/7/2023,6/12/2023,,MSC,1,2,dap,268,2,0,,,,
A6,,11/7/2023,6/12/2023,,MSC,1,2,ost,3,1,0,,,,
A6,,11/7/2023,6/12/2023,,MSC,0.5,3,chy,1,1,0,,,,
A6,,11/7/2023,6/12/2023,,MSC,0.5,3,un0,1,1,0,,,,
A6,,11/7/2023,6/12/2023,,MSC,0.5,3,eur,58,1,0,,,,
A6,,11/7/2023,6/12/2023,,MSC,0.5,3,unk,1,1,0,,,,
A6,,11/7/2023,6/12/2023,,MSC,0.5,3,unk 2,1,1,0,,,,
A6,,11/9/2023,6/12/2023,,MSC,1,3,thrips,1,1,0,,,,
A6,,11/9/2023,6/12/2023,,MSC,1,3,unk 3,1,1,0,,,,
A6,,11/9/2023,6/12/2023,,MSC,1,3,unk 4,1,1,0,,,,
C8,,11/7/2023,6/12/2023,,GVF,1,2.5,chy,1,1,0,,,,
C8,,11/7/2023,6/12/2023,,GVF,1,2.5,mon,76,1,0,,,,
C8,,11/7/2023,6/12/2023,,GVF,1,2.5,dap,172,1,0,,,,
C8,,11/7/2023,6/12/2023,,GVF,1,2.5,zor,3,1,0,,,,
C8,,11/7/2023,6/12/2023,,GVF,1,2.5,thy,5,1,0,,,,
C8,,11/7/2023,6/12/2023,,GVF,1,2.5,ephi,3,1,0,,,,
C8,,11/7/2023,6/12/2023,,GVF,1,2.5,chi,1,1,0,,,,
C8,,11/7/2023,6/12/2023,,GVF,1,2.5,hydra,2,1,0,,,,
C8,,11/7/2023,6/12/2023,,GVF,1,2.5,nau,2,1,0,,,,
C8,,11/7/2023,6/12/2023,,GVF,1,2.5,ost,43,1,0,,,,
B1,,11/8/2023,6/12/2023,,GVF,1,2,ephi,3,1,0,,,,
B1,,11/8/2023,6/12/2023,,GVF,1,2,chi,2,1,0,,,,
B1,,11/8/2023,6/12/2023,,GVF,1,2,spi,1,1,0,,,,
B1,,11/8/2023,6/12/2023,,GVF,1,2,zor,1,1,0,,,,
B1,,11/8/2023,6/12/2023,,GVF,1,2,chy,52,1,0,,,,
B1,,11/8/2023,6/12/2023,,GVF,1,2,mon,12,1,0,,,,
B1,,11/8/2023,6/12/2023,,GVF,1,2,dap,13,1,0,,,,
B1,,11/8/2023,6/12/2023,,GVF,1,2,ost,240,1,0,,,,
A7,,11/8/2023,6/12/2023,,RT,1,2,uniz,1,1,0,,,,
A7,,11/8/2023,6/12/2023,,RT,1,2,uniy,1,1,0,,,,
A7,,11/8/2023,6/12/2023,,RT,1,2,dap,48,1,0,,,,
A7,,11/8/2023,6/12/2023,,RT,1,2,mon,4,1,0,,,,
A7,,11/8/2023,6/12/2023,,RT,1,2,chir,5,1,0,,,,
A7,,11/8/2023,6/12/2023,,RT,1,2,chy,5,1,0,,,,
A8,,11/9/2023,6/12/2023,,MSC,1,2,chi,4,1,0,,,,
A8,,11/9/2023,6/12/2023,,MSC,1,2,eur,6,3,0,,,,
A8,,11/9/2023,6/12/2023,,MSC,1,2,dap,3,1,0,,,,
A8,,11/9/2023,6/12/2023,,MSC,1,2,thrips,2,2,0,,,,
A8,,11/9/2023,6/12/2023,,MSC,1,2,un0,3,2,0,,,,
B5,,11/11/2023,6/12/2023,,GVF,1,2,ost,36,0,0,,,,
B5,,11/11/2023,6/12/2023,,GVF,1,2,ant,1,1,0,,,,
B5,,11/11/2023,6/12/2023,,GVF,1,2,eur,294,1,0,,,,
B5,,11/11/2023,6/12/2023,,GVF,1,2,hydra,6,1,0,,,,
B5,,11/11/2023,6/12/2023,,GVF,1,2,unk,4,1,0,,,,
B5,,11/11/2023,6/12/2023,,GVF,1,2,chy,17,1,0,,,,
B5,,11/11/2023,6/12/2023,,GVF,1,2,mon,136,1,0,,,,
B5,,11/11/2023,6/12/2023,,GVF,1,2,dap,5,1,0,,,,
B5,,11/11/2023,6/12/2023,,GVF,1,2,thy,3,1,0,,,,
C9,,11/12/2023,6/12/2023,,GVF,1,3,ephi,7,1,0,,,,
C9,,11/12/2023,6/12/2023,,GVF,1,3,chi,12,1,0,,,,
C9,,11/12/2023,6/12/2023,,GVF,0.5,3,nau,4,1,0,,,,
C9,,11/12/2023,6/12/2023,,GVF,0.5,3,eur,2,1,0,,,,
C9,,11/12/2023,6/12/2023,,GVF,0.5,3,unk,2,1,0,,,,
C9,,11/12/2023,6/12/2023,,GVF,0.5,3,chy,367,1,0,,,,
C9,,11/12/2023,6/12/2023,,GVF,0.5,3,mon,138,1,0,,,,
C9,,11/12/2023,6/12/2023,,GVF,1,3,dap,78,1,0,,,,
C9,,11/12/2023,6/12/2023,,GVF,1,3,thy,2,1,0,,,,
C9,,11/12/2023,6/12/2023,,GVF,1,3,cyc,22,1,0,,,,
C9,,11/12/2023,6/12/2023,,GVF,0.5,3,ost,125,1,0,,,,
C9,,11/12/2023,6/12/2023,,GVF,1,3,zor,1,1,0,,,,
A1,,11/13/2023,6/12/2023,,GVF,1,2,chy,434,1,0,,,,
A1,,11/13/2023,6/12/2023,,GVF,1,2,thy,2,1,0,,,,
A1,,11/13/2023,6/12/2023,,GVF,1,2,hydra,2,1,0,,,,
A1,,11/13/2023,6/12/2023,,GVF,1,2,dap,195,1,0,,,,missing ost from rt B1...ost stick to surfaces we know this!
A1,,11/13/2023,6/12/2023,,GVF,1,2,uni,1,1,0,,,,
A1,,11/13/2023,6/12/2023,,GVF,1,2,ephi,3,1,0,,,,
A1,,11/13/2023,6/12/2023,,GVF,1,2,ost,35,1,0,,,,
A1,,11/13/2023,6/12/2023,,GVF,1,2,eur,3,1,0,,,,
A1,,11/13/2023,6/12/2023,,GVF,1,2,mon,1,1,0,,,,
A1,,11/13/2023,6/12/2023,,GVF,1,2,zor,2,1,0,,,,
B0,,11/14/2023,6/12/2023,,MSC,1,3,chy,11,1,0,,,,
B0,,11/14/2023,6/12/2023,,MSC,1,3,dap,185,1,0,,,,
B0,,11/14/2023,6/12/2023,,MSC,1,3,hydra,5,1,0,,,,
B0,,11/14/2023,6/12/2023,,MSC,0.5,3,un0,1,0,0,,,,
B0,,11/14/2023,6/12/2023,,MSC,1,3,chi,11,1,0,,,,
B0,,11/14/2023,6/12/2023,,MSC,1,3,ephi,17,1,0,,,,
B0,,11/14/2023,6/12/2023,,MSC,1,3,ost,90,1,0,,,,
B0,,11/14/2023,6/12/2023,,MSC,1,3,eur,94,1,0,,,,
B0,,11/14/2023,6/12/2023,,MSC,1,3,mon,128,1,0,,,,
B0,,11/14/2023,6/12/2023,,MSC,1,3,nau,1,1,0,,,,
A5,24,11/15/2023,6/12/2023,,GVF,1,0.6,dap,383,1,0,,,,
A5,24,11/15/2023,6/12/2023,,GVF,1,0.6,hydra,1,1,0,,,,
A5,24,11/15/2023,6/12/2023,,GVF,1,0.6,chi,1,1,0,,,,
A5,24,11/15/2023,6/12/2023,,GVF,1,0.6,mon,6,1,0,,,,
A5,24,11/15/2023,6/12/2023,,GVF,1,0.6,chy,3,1,0,,,,
A5,24,11/15/2023,6/12/2023,,GVF,1,0.6,thy,1,1,0,,,,
A5,24,11/15/2023,6/12/2023,,GVF,1,0.6,ephi,11,1,0,,,,
A5,24,11/15/2023,6/12/2023,,GVF,1,0.6,ost,1,0,0,,,,
C4,,11/16/2023,6/12/2023,,RT,1,3,chy,109,1,0,,,,
C4,,11/1/2023,6/12/2023,,RT,1,3,ephi,2,1,0,,,,
C4,,11/16/2023,6/12/2023,,RT,1,3,dap,43,3,0,,,,
C4,,11/16/2023,6/12/2023,,RT,1,3,chir,9,1,0,,,,
C4,,11/16/2023,6/12/2023,,RT,1,3,in2,1,1,0,,,,
C4,,11/16/2023,6/12/2023,,RT,1,3,hydra,1,1,0,,,,
C4,,11/16/2023,6/12/2023,,RT,1,3,thy,1,1,0,,,,
C4,,11/16/2023,6/12/2023,,RT,1,3,dyt,1,1,0,,,,
C6,,11/16/2023,6/12/2023,,RT,1,5,mon,1020,1,0,,,,
C6,,11/16/2023,6/12/2023,,RT,1,5,dap,60,3,0,,,,
C6,,11/16/2023,6/12/2023,,RT,1,5,chy,42,3,0,,,,
C6,,11/16/2023,6/12/2023,,RT,1,5,hydra,1,1,0,,,,
C6,,11/16/2023,6/12/2023,,RT,1,5,ephi,1,1,0,,,,
C6,,11/29/2023,6/12/2023,,RT,1,5,ost,15,2,0,,,,
C6,,11/16/2023,6/12/2023,,RT,1,5,in11,1,1,0,,,,
B4,,11/19/2023,6/12/2023,,GVF,1,3,ost,310,1,0,,,,
B4,,11/19/2023,6/12/2023,,GVF,1,3,thy,1,1,0,,,,
B4,,11/19/2023,6/12/2023,,GVF,1,3,dap,115,1,0,,,,
B4,,11/19/2023,6/12/2023,,GVF,1,3,chy,7,1,0,,,,
B4,,11/19/2023,6/12/2023,,GVF,1,3,uni,2,1,0,,,,
B4,,11/19/2023,6/12/2023,,GVF,1,3,chi,1,1,0,,,,
B4,,11/19/2023,6/12/2023,,GVF,1,3,mon,2,1,0,,,,
B4,,11/19/2023,6/12/2023,,GVF,1,3,ephi,67,1,0,,,,
B2,,11/20/2023,6/12/2023,,GVF,1,3,zor,2,1,0,,,,
B2,,11/20/2023,6/12/2023,,GVF,1,3,cyc,2,1,0,,,,
B2,,11/20/2023,6/12/2023,,GVF,1,3,hydra,5,1,0,,,,
B2,,11/20/2023,6/12/2023,,GVF,1,3,ost,191,1,0,,,,
B2,,11/20/2023,6/12/2023,,GVF,1,3,ephi,7,1,0,,,,
B2,,11/20/2023,6/12/2023,,GVF,1,3,thy,4,1,0,,,,
B2,,11/20/2023,6/12/2023,,GVF,1,3,uix,1,0,0,,,,
B2,,11/20/2023,6/12/2023,,GVF,1,3,dap,274,1,0,,,,
B2,,11/20/2023,6/12/2023,,GVF,1,3,chi,6,1,0,,,,
B2,,11/20/2023,6/12/2023,,GVF,1,3,uni,1,1,0,,,,
B2,,11/20/2023,6/12/2023,,GVF,1,3,chy,934,1,0,,,,
C5,,11/21/2023,6/12/2023,,MSC,0.5,4,dap,801,1,0,,,,
C5,,11/21/2023,6/12/2023,,MSC,0.5,4,mon,22,1,0,,,,
C5,,11/21/2023,6/12/2023,,MSC,0.5,4,eur,97,1,0,,,,
C5,,11/21/2023,6/12/2023,,MSC,0.5,4,ost,34,2,0,,,,
C5,,11/21/2023,6/12/2023,,MSC,1,4,ephi,15,2,0,,,,
C5,,11/21/2023,6/12/2023,,MSC,1,4,chi,8,2,0,,,,
C5,,11/21/2023,6/12/2023,,MSC,0.5,4,thrips,1,1,0,,,,
C5,,11/21/2023,6/12/2023,,MSC,0.5,4,hydra,1,1,0,,,,
C5,,11/21/2023,6/12/2023,,MSC,0.5,4,unk,1,1,0,,,,
C5,,11/28/2023,6/12/2023,,MSC,0.5,4,uix,1,1,0,,,,
C6,,11/17/2023,3/23/2023,,LR,1,2,uni,1,0,0,,,,
C6,,11/17/2023,3/23/2023,,LR,1,2,uni,1,0,0,,,,
C6,,11/17/2023,3/23/2023,,LR,1,2,ost,2,0,0,,,,
C6,,11/17/2023,3/23/2023,,LR,1,2,chy,9,0,0,,,,
C6,,11/17/2023,3/23/2023,,LR,1,2,nau,313,0,0,,,,
C6,,11/17/2023,3/23/2023,,LR,1,2,dap,57,0,0,,,,
C7,,11/27/2023,3/23/2023,,LR,1,1,nau,97,0,0,,,,
C7,,11/27/2023,3/23/2023,,LR,1,1,uni,2,0,0,,,,
C7,,11/27/2023,3/23/2023,,LR,1,1,chy,15,0,0,,,,
C7,,11/27/2023,3/23/2023,,LR,1,1,dap,1,0,0,,,,
C7,,11/27/2023,3/23/2023,,LR,1,1,cyc,1,0,0,,,,
C7,,11/27/2023,3/23/2023,,LR,1,1,chi,2,0,0,,,,
C7,,11/27/2023,3/23/2023,,LR,1,1,erg,1,0,0,,,,
C7,,11/27/2023,3/23/2023,,LR,1,1,zor,1,0,0,,,,
B4,,11/28/2023,3/23/2023,,MSC,1,2,nau,334,1,0,,,,
B4,,11/28/2023,3/23/2023,,MSC,1,2,cyc,1,1,0,,,,
B4,,11/28/2023,3/23/2023,,MSC,1,2,eur,4,1,0,,,,
B4,,11/28/2023,3/23/2023,,MSC,1,2,mon,1,1,0,,,,
B4,,11/28/2023,3/23/2023,,MSC,1,2,ost,1,1,0,,,,
B4,,11/28/2023,3/23/2023,,MSC,1,2,dap,19,1,0,,,,
B5,,11/29/2023,5/2/2023,,GVF,1,0.5,thy,1,0,0,,,,
B5,,11/29/2023,5/2/2023,,GVF,1,0.5,ephi,1,0,0,,,,
B5,,11/29/2023,5/2/2023,,GVF,1,0.5,dap,10,0,0,,,,
B5,,11/29/2023,5/2/2023,,GVF,1,0.5,chi,10,0,0,,,,
B5,,11/29/2023,5/2/2023,,GVF,1,0.5,ost,1,0,0,,,,
B5,,11/29/2023,5/2/2023,,GVF,1,0.5,chy,38,0,0,,,,
C2,,11/30/2023,5/2/2023,,RT,1,2,dap,35,1,0,,,,
C2,,11/30/2023,5/2/2023,,RT,1,2,chy,183,1,0,,,,
C2,,11/30/2023,5/2/2023,,RT,1,2,nau,6,1,0,,,,
C2,,11/30/2023,5/2/2023,,RT,1,2,chi,1,1,0,,,,
A2,,11/30/2023,5/2/2023,,RT,1,3,dap,211,2,0,,,,
A2,,11/30/2023,5/2/2023,,RT,1,3,chy,459,1,0,,,,
A2,,11/30/2023,5/2/2023,,RT,1,3,ephi,2,1,0,,,,
A6,,12/1/2023,5/2/2023,,LR,1,1,dap,4,0,0,,,,
A6,,12/1/2023,5/2/2023,,LR,1,1,bzn,1,0,0,,,,
A6,,12/1/2023,5/2/2023,,LR,1,1,ephi,1,0,0,,,,
A6,,12/1/2023,5/2/2023,,LR,1,1,eur,2,0,0,,,,
A6,,12/1/2023,5/2/2023,,LR,1,1,un2,1,0,0,,,,
A6,,12/1/2023,5/2/2023,,LR,1,1,ostra,1,0,0,,,,
A6,,12/1/2023,5/2/2023,,LR,1,1,chi,2,0,0,,,,
A6,,12/1/2023,5/2/2023,,LR,1,1,chy,1,0,0,,,,
A8,,12/4/2023,5/2/2023,,LR,1,1,chi,5,0,0,,,,
A8,,12/4/2023,5/2/2023,,LR,1,1,chy,1,0,0,,,,
B0,,12/4/2023,5/2/2023,,GVF,1,0.5,dap,88,0,0,,,,
B0,,12/4/2023,5/2/2023,,GVF,1,0.5,chi,11,0,0,,,,
B0,,12/4/2023,5/2/2023,,GVF,1,0.5,hydra,2,0,0,,,,
B0,,12/4/2023,5/2/2023,,GVF,1,0.5,uni,2,0,0,,,,
B0,,12/4/2023,5/2/2023,,GVF,1,0.5,chy,98,0,0,,,,
B0,,12/4/2023,5/2/2023,,GVF,1,0.5,ephi,97,0,0,,,,
B8,,12/5/2023,5/2/2023,,GVF,1,0.5,chy,298,0,0,,,,
B8,,12/5/2023,5/2/2023,,GVF,1,0.5,chi,37,0,0,,,,
B8,,12/5/2023,5/2/2023,,GVF,1,0.5,zor,1,0,0,,,,
B8,,12/5/2023,5/2/2023,,GVF,1,0.5,thy,1,0,0,,,,
B8,,12/5/2023,5/2/2023,,GVF,1,0.5,uni,4,0,0,,,,
B8,,12/5/2023,5/2/2023,,GVF,1,0.5,mon,3,0,0,,,,
B8,,12/5/2023,5/2/2023,,GVF,1,0.5,dap,3,0,0,,,,
A6,,12/5/2023,5/2/2023,,GVF,1,0.5,thy,1,0,0,,,,
A6,,12/5/2023,5/2/2023,,GVF,1,0.5,eur,1,0,0,,,,
A6,,12/5/2023,5/2/2023,,GVF,1,0.5,chi,5,0,0,,,,
A6,,12/5/2023,5/2/2023,,GVF,1,0.5,ephi,1,0,0,,,,
A6,,12/5/2023,5/2/2023,,GVF,1,0.5,mon,1,0,0,,,,
A6,,12/5/2023,5/2/2023,,GVF,1,0.5,chy,3,0,0,,,,
A6,,12/5/2023,5/2/2023,,GVF,1,0.5,uni,2,0,0,,,,
C6,,12/6/2023,5/2/2023,,GVF,1,0.5,uno,4,0,0,,,,
C6,,12/6/2023,5/2/2023,,GVF,1,0.5,dap,67,0,0,,,,
C6,,12/6/2023,5/2/2023,,GVF,1,0.5,nau,5,0,0,,,,
C6,,12/6/2023,5/2/2023,,GVF,1,0.5,uni,2,0,0,,,,
C6,,12/6/2023,5/2/2023,,GVF,1,0.5,chy,201,1,0,,,,
C6,,12/6/2023,5/2/2023,,GVF,1,0.5,mon,648,0,0,,,,
C6,,12/6/2023,5/2/2023,,GVF,1,0.5,chi,2,0,0,,,,
C4,,12/6/2023,5/2/2023,,RT,1,2,dap,27,1,1,,,,
C4,,12/6/2023,5/2/2023,,RT,1,2,chy,214,1,1,,,,
C4,,12/6/2023,5/2/2023,,RT,1,2,ost,1,1,1,,,,
C4,,12/6/2023,5/2/2023,,RT,1,2,ephi,1,1,1,,,,
C4,,12/6/2023,5/2/2023,,RT,1,2,chi,2,1,1,,,,
C4,,12/6/2023,5/2/2023,,RT,1,2,mon,10,1,1,,,,
C4,,12/6/2023,5/2/2023,,RT,1,2,nau,4,1,1,,,,
B4,,12/8/2023,5/2/2023,,GVF,1,1,mon,207,0,0,,,,
B4,,12/8/2023,5/2/2023,,GVF,1,1,dap,28,0,0,,,,
B4,,12/8/2023,5/2/2023,,GVF,1,1,ost,64,0,0,,,,
B4,,12/8/2023,5/2/2023,,GVF,1,1,chi,8,0,0,,,,
B4,,12/8/2023,5/2/2023,,GVF,1,1,ephi,8,0,0,,,,
B4,,12/8/2023,5/2/2023,,GVF,1,1,uni,1,0,0,,,,
B3,,12/11/2023,5/2/2023,,GVF,1,1,uno,3,0,0,,,,
B3,,12/11/2023,5/2/2023,,GVF,1,1,dap,47,0,0,,,,
B3,,12/11/2023,5/2/2023,,GVF,1,1,chi,1,0,0,,,,
B3,,12/11/2023,5/2/2023,,GVF,1,1,ost,1,0,0,,,,
B3,,12/11/2023,5/2/2023,,GVF,1,1,mon,79,0,0,,,,
B3,,12/11/2023,5/2/2023,,GVF,1,1,ephi,91,0,0,,,,
B3,,12/11/2023,5/2/2023,,GVF,1,1,uni,2,0,0,,,,
B3,,12/11/2023,5/2/2023,,GVF,1,1,nau,1,0,0,,,,
B3,,12/11/2023,5/2/2023,,GVF,1,1,hydra,1,0,0,,,,
B3,,12/11/2023,5/2/2023,,GVF,1,1,chy,630,0,0,,,,
C7,,12/12/2023,5/2/2023,,GVF,1,0.5,chi,40,0,0,,,,
C7,,12/12/2023,5/2/2023,,GVF,1,0.5,chy,92,0,0,,,,
C7,,12/12/2023,5/2/2023,,GVF,1,0.5,ost,1,0,0,,,,
C7,,12/12/2023,5/2/2023,,GVF,1,0.5,mon,202,0,0,,,,
B2,,12/19/2023,5/2/2023,,GVF,1,0.5,mon,41,0,0,,,,
B2,,12/19/2023,5/2/2023,,GVF,1,0.5,chy,147,0,0,,,,
B2,,12/19/2023,5/2/2023,,GVF,1,0.5,nau,35,0,0,,,,
B2,,12/19/2023,5/2/2023,,GVF,1,0.5,ephi,4,0,0,,,,
B2,,12/19/2023,5/2/2023,,GVF,1,0.5,zor,1,0,0,,,,
B2,,12/19/2023,5/2/2023,,GVF,1,0.5,dap,657,0,0,,,,
B7,,12/19/2023,5/2/2023,,GVF,1,0.5,mon,31,0,0,,,,
B7,,12/19/2023,5/2/2023,,GVF,1,0.5,chy,142,0,0,,,,
B7,,12/19/2023,5/2/2023,,GVF,1,0.5,chi,3,0,0,,,,
B7,,12/19/2023,5/2/2023,,GVF,1,0.5,dap,64,0,0,,,,
B7,,12/19/2023,5/2/2023,,GVF,1,0.5,ephi,6,0,0,,,,
B6,,12/27/2023,5/2/2023,,GVF,1,1.5,mon,2,0,0,,,,
B6,,12/27/2023,5/2/2023,,GVF,1,1.5,chy,87,0,0,,,,
B6,,12/27/2023,5/2/2023,,GVF,1,1.5,zor,3,0,0,,,,
B6,,12/27/2023,5/2/2023,,GVF,0.5,1.5,nau,1492,0,0,,,,
B6,,12/27/2023,5/2/2023,,GVF,1,1.5,cyc,1,0,0,,,,
B6,,12/27/2023,5/2/2023,,GVF,1,1.5,ephi,2,0,0,,,,
B6,,12/27/2023,5/2/2023,,GVF,1,1.5,dap,70,0,0,,,,
B6,,12/27/2023,5/2/2023,,GVF,1,1.5,uix,1,0,0,,,,
B9,,1/8/2024,5/2/2023,,GVF,1,0.5,mon,1,0,0,,,,
B9,,1/8/2024,5/2/2023,,GVF,1,0.5,chy,41,0,0,,,,
B9,,1/8/2024,5/2/2023,,GVF,1,0.5,ost,57,0,0,,,,
B9,,1/8/2024,5/2/2023,,GVF,1,0.5,dap,24,0,0,,,,
B9,,1/8/2024,5/2/2023,,GVF,1,0.5,chi,1,0,0,,,,
C5,,1/10/2024,5/2/2023,,GVF,1,0.5,dap,2,0,0,,,,
C5,,1/10/2024,5/2/2023,,GVF,1,0.5,chi,4,0,0,,,,
C5,,1/10/2024,5/2/2023,,GVF,1,0.5,un0,5,0,0,,,,
C5,,1/10/2024,5/2/2023,,GVF,1,0.5,chy,165,0,0,,,,
C5,,1/10/2024,5/2/2023,,GVF,1,0.5,zor,2,0,0,,,,
C5,,1/10/2024,5/2/2023,,GVF,1,0.5,nau,86,0,0,,,,
C5,,1/10/2024,5/2/2023,,GVF,1,0.5,mon,366,0,0,,,,
A3,,1/11/2024,5/2/2023,,GVF,1,1.5,dap,78,0,0,,,,
A3,,1/11/2024,5/2/2023,,GVF,1,1.5,chi,31,0,0,,,,
A3,,1/11/2024,5/2/2023,,GVF,1,1.5,un0,1,0,0,,,,
A3,,1/11/2024,5/2/2023,,GVF,1,1.5,cyc,1,0,0,,,,
A8,,1/11/2024,5/2/2023,,GVF,1,0.5,chi,4,0,0,,,,
A4,,1/14/2024,5/2/2023,,GVF,1,0.5,un0,2,0,0,,,,
A4,,1/14/2024,5/2/2023,,GVF,1,0.5,chi,65,0,0,,,,
A4,,1/14/2024,5/2/2023,,GVF,1,0.5,uni,1,0,0,,,,
A4,,1/14/2024,5/2/2023,,GVF,1,0.5,zor,1,0,0,,,,
A4,,1/14/2024,5/2/2023,,GVF,1,0.5,mon,2,0,0,,,,
A9,,1/16/2024,5/2/2023,,GVF,1,0.5,un0,9,0,0,,,,
A9,,1/16/2024,5/2/2023,,GVF,1,0.5,uix,1,0,0,,,,
A9,,1/16/2024,5/2/2023,,GVF,1,0.5,ost,3,0,0,,,,
C1,,1/18/2024,5/2/2023,,MSC,1,3,eur,200,0,0,,,,
C1,,1/18/2024,5/2/2023,,MSC,1,3,dap,52,0,0,,,,
C1,,1/18/2024,5/2/2023,,MSC,0.5,3,nau,221,0,0,,,,
C1,,1/18/2024,5/2/2023,,MSC,0.5,3,mon,594,0,0,,,,
C1,,1/18/2024,5/2/2023,,MSC,1,3,ephi,10,0,0,,,,
C1,,1/18/2024,5/2/2023,,MSC,1,3,chi,3,0,0,,,,
C1,,1/18/2024,5/2/2023,,MSC,1,3,un0,3,0,0,,,,
C1,,1/18/2024,5/2/2023,,MSC,1,3,zor,2,0,0,,,,
B1,,1/22/2024,5/2/2023,,MSC,1,1,zor,2,0,0,,,,
B1,,1/22/2024,5/2/2023,,MSC,1,1,thrips,1,0,0,,,,
B1,,1/22/2024,5/2/2023,,MSC,1,1,eur,104,0,0,,,,
B1,,1/22/2024,5/2/2023,,MSC,1,1,dap,46,0,0,,,,
B1,,1/22/2024,5/2/2023,,MSC,1,1,un0,5,0,0,,,,
B1,,1/22/2024,5/2/2023,,MSC,1,1,ost,15,0,0,,,,
B1,,1/22/2024,5/2/2023,,MSC,1,1,ephi,12,0,0,,,,
B1,,1/22/2024,5/2/2023,,MSC,1,1,mon,11,0,0,,,,
B1,,1/22/2024,5/2/2023,,MSC,1,1,chi,20,0,0,,,,
B1,,1/22/2024,5/2/2023,,MSC,1,1,dyt,1,0,0,,,,
A1,,1/22/2024,5/2/2023,,MSC,1,2,eur,271,0,0,,,,
A1,,1/22/2024,5/2/2023,,MSC,1,2,zor,2,0,0,,,,
A1,,1/22/2024,5/2/2023,,MSC,1,2,dap,138,0,0,,,,
A1,,1/22/2024,5/2/2023,,MSC,1,2,ost,1,0,0,,,,
A1,,1/22/2024,5/2/2023,,MSC,1,2,un0,5,0,0,,,,
A1,,1/22/2024,5/2/2023,,MSC,1,2,ephi,2,0,0,,,,
A1,,1/22/2024,5/2/2023,,MSC,1,2,mon,198,0,0,,,,
A1,,1/22/2024,5/2/2023,,MSC,1,2,chi,1,0,0,,,,
A1,,1/22/2024,5/2/2023,,MSC,1,2,nau,38,0,0,,,,
A0,,1/22/2024,5/2/2023,,GVF,1,2,chy,430,0,0,,,,
A0,,1/22/2024,5/2/2023,,GVF,1,2,dap,124,0,0,,,,
A0,,1/22/2024,5/2/2023,,GVF,1,2,ost,5,0,0,,,,
A0,,1/22/2024,5/2/2023,,GVF,1,2,nau,225,0,0,,,,
A0,,1/22/2024,5/2/2023,,GVF,1,2,mon,6,0,0,,,,
A0,,1/22/2024,5/2/2023,,GVF,1,2,ephi,11,0,0,,,,
A0,,1/22/2024,5/2/2023,,GVF,1,2,cyc,1,0,0,,,,
A0,,1/22/2024,5/2/2023,,GVF,1,2,un0,4,0,0,,,,
C8,,1/23/2024,5/2/2023,,GVF,1,2,dap,120,0,0,,,,
C8,,1/23/2024,5/2/2023,,GVF,1,2,chi,2,0,0,,,,
C8,,1/23/2024,5/2/2023,,GVF,1,2,uni,2,0,0,,,,
C8,,1/23/2024,5/2/2023,,GVF,1,2,ephi,4,0,0,,,,
C8,,1/23/2024,5/2/2023,,GVF,1,2,un0,4,0,0,,,,
C8,,1/23/2024,5/2/2023,,GVF,0.5,2,chy,1,0,0,,,,
C8,,1/23/2024,5/2/2023,,GVF,1,2,ost,12,0,0,,,,
C8,,1/23/2024,5/2/2023,,GVF,0.5,2,nau,16,0,0,,,,
C8,,1/23/2024,5/2/2023,,GVF,0.5,2,mon,35,0,0,,,,
B5,,1/25/2024,5/2/2023,,MSC,1,1,eur,54,0,0,,,,
B5,,1/25/2024,5/2/2023,,MSC,1,1,hydra,2,0,0,,,,
B5,,1/25/2024,5/2/2023,,MSC,1,1,thrips,1,0,0,,,,
B5,,1/25/2024,5/2/2023,,MSC,1,1,chi,26,0,0,,,,
B5,,1/25/2024,5/2/2023,,MSC,1,1,dap,12,0,0,,,,
B5,,1/25/2024,5/2/2023,,MSC,1,1,ost,1,0,0,,,,
B5,,1/25/2024,5/2/2023,,MSC,1,1,nau,11,0,0,,,,
B5,,1/25/2024,5/2/2023,,MSC,1,1,mon,11,0,0,,,,
B5,,1/25/2024,5/2/2023,,MSC,1,1,ephi,2,0,0,,,,
B5,,1/25/2024,5/2/2023,,MSC,1,1,un0,2,0,0,,,,
C4,,1/25/2024,5/2/2023,,MSC,1,2,thrips,1,0,0,,,,
C4,,1/25/2024,5/2/2023,,MSC,1,2,eur,89,0,0,,,,
C4,,1/25/2024,5/2/2023,,MSC,1,2,ephi,12,0,0,,,,
C4,,1/25/2024,5/2/2023,,MSC,1,2,chi,10,0,0,,,,
C4,,1/25/2024,5/2/2023,,MSC,1,2,mon,41,0,0,,,,
C4,,1/25/2024,5/2/2023,,MSC,1,2,ost,1,0,0,,,,
C4,,1/25/2024,5/2/2023,,MSC,1,2,dap,4,0,0,,,,
A5,,1/29/2024,5/2/2023,,GVF,1,1,chy,132,0,0,,,,
A5,,1/29/2024,5/2/2023,,GVF,1,1,uni,1,0,0,,,,
A5,,1/29/2024,5/2/2023,,GVF,1,1,zor,2,0,0,,,,
A5,,1/29/2024,5/2/2023,,GVF,1,1,mon,93,0,0,,,,
A5,,1/29/2024,5/2/2023,,GVF,1,1,chi,65,0,0,,,,
A2,,2/1/2024,5/2/2023,,MSC,0.5,3,mon,324,0,0,,,,
A2,,2/1/2024,5/2/2023,,MSC,1,3,eur,355,0,0,,,,
A2,,2/1/2024,5/2/2023,,MSC,1,3,chi,4,0,0,,,,
A2,,2/1/2024,5/2/2023,,MSC,1,3,ephi,3,0,0,,,,
A2,,2/1/2024,5/2/2023,,MSC,1,3,dap,91,0,0,,,,
C9,,2/5/2024,5/2/2023,,MSC,1,2,dap,294,0,0,,,,
C9,,2/5/2024,5/2/2023,,MSC,1,2,thrips,1,0,0,,,,
C9,,2/5/2024,5/2/2023,,MSC,1,2,eur,265,0,0,,,,
C9,,2/5/2024,5/2/2023,,MSC,1,2,ephi,27,0,0,,,,
C9,,2/5/2024,5/2/2023,,MSC,1,2,mon,37,0,0,,,,
C0,,2/8/2024,5/2/2023,,MSC,1,,dap,49,0,0,,,,
C0,,2/8/2024,5/2/2023,,MSC,1,,ost,321,0,0,,,,
C0,,2/8/2024,5/2/2023,,MSC,1,,ephi,9,0,0,,,,
C0,,2/8/2024,5/2/2023,,MSC,0.5,,eur,205,0,0,,,,
C0,,2/8/2024,5/2/2023,,MSC,0.5,,mon,303,0,0,,,,
C0,,2/8/2024,5/2/2023,,MSC,0.5,,nau,1,0,0,,,,
C0,,2/8/2024,5/2/2023,,MSC,0.5,,un0,2,0,0,,,,
C0,,2/8/2024,5/2/2023,,MSC,0.5,,chi,2,0,0,,,,
C3,,2/12/2024,5/2/2023,,MSC,1,2,zor,1,0,0,,,,
C3,,2/12/2024,5/2/2023,,MSC,1,2,dap,399,0,0,,,,
C3,,2/12/2024,5/2/2023,,MSC,0.5,2,nau,11,0,0,,,,
C3,,2/12/2024,5/2/2023,,MSC,0.5,2,mon,232,0,0,,,,
C3,,2/12/2024,5/2/2023,,MSC,1,2,ephi,1,0,0,,,,
C3,,2/12/2024,5/2/2023,,MSC,0.5,2,chi,3,0,0,,,,
C3,,2/12/2024,5/2/2023,,MSC,0.5,2,un0,3,0,0,,,,
C3,,2/12/2024,5/2/2023,,MSC,0.5,2,eur,168,0,0,,,,
C3,,2/12/2024,5/2/2023,,MSC,1,2,dyt,1,0,0,,,,
C3,,2/12/2024,5/2/2023,,MSC,1,2,unk,1,0,0,,,,
A7,,2/12/2024,5/2/2023,,MSC,1,2,bzn,1,0,0,,,,
A7,,2/12/2024,5/2/2023,,MSC,1,2,i12,1,0,0,,,,
A7,,2/12/2024,5/2/2023,,MSC,1,2,thrips,1,0,0,,,,
A7,,2/12/2024,5/2/2023,,MSC,1,2,mon,1,0,0,,,,
A7,,2/12/2024,5/2/2023,,MSC,1,2,nau,2,0,0,,,,
A7,,2/12/2024,5/2/2023,,MSC,1,2,chi,4,0,0,,,,
A7,,2/12/2024,5/2/2023,,MSC,1,2,un0,4,0,0,,,,
