sample_name,longer_sample_name,barcode_sequence,date,plastic_type,plastic_conc,tank_code,tank_num,chla,chla_se,chla_date
18S_JRD429,B9-6/9/23,GCGACGAAGGCT,June_9,TPU181,0.385,B9,10,7.540333,0.008838049,June_11
18S_JRD430,A3-6/9/23,TTCCGGTATGGA,June_9,Elastollan,0.013,A3,5,5.104,0.008326664,June_11
18S_JRD431,B7-6/9/23,TGTAGCAGGGCT,June_9,TPU181,0.126,B7,20,7.386667,0.04216765,June_11
18S_JRD432,B0-6/9/23,TGGACCGTTAGG,June_9,TPU181,0,B0,15,6.132,0.025501634,June_11
18S_JRD433,C1-6/9/23,GTTTAAGGCGCG,June_9,TPUFC2.1,0.004,C1,25,65.933667,1.408857,June_11
18S_JRD434,A1-6/9/23,CTGGGTACCATA,June_9,Elastollan,0.004,A1,9,6.029,0.018520259,June_11
18S_JRD435,A9-6/9/23,ACAGATATTGTA,June_9,Elastollan,0.385,A9,13,96.854,2.663963276,June_11
18S_JRD436,C9-6/9/23,CCTACCTAAATT,June_9,TPUFC2.1,0.385,C9,4,5.19,0.698510081,June_11
18S_JRD437,A5-6/9/23,ACTGGTTGAGTC,June_9,Elastollan,0.041,A5,24,5.935667,0.016914819,June_11
18S_JRD438,C2-6/9/23,CGACGTAGAGGC,June_9,TPUFC2.1,0.008,C2,18,6.126667,0.02016873,June_11
18S_JRD439,A0-6/9/23,ATCCTCAGTAGT,June_9,Elastollan,0,A0,1,3.975,0.010016653,June_11
18S_JRD440,C4-6/9/23,AGGAGGTGAATT,June_9,TPUFC2.1,0.023,C4,30,5.007333,0.01034945,June_11
18S_JRD441,A4-6/9/23,CGCATTTATACG,June_9,Elastollan,0.023,A4,27,434.774667,12.63702914,June_11
18S_JRD442,B2-6/9/23,GTGTTGCAGCAT,June_9,TPU181,0.008,B2,6,8.982,0.014977761,June_11
18S_JRD443,A7-6/9/23,CAGCGAGCGAGT,June_9,Elastollan,0.126,A7,23,14.311,0.108738218,June_11
18S_JRD444,C6-6/9/23,ACTACTAAGGAA,June_9,TPUFC2.1,0.072,C6,14,6.150667,0.025392475,June_11
18S_JRD445,C5-6/9/23,TTCATACGGACG,June_9,TPUFC2.1,0.041,C5,7,10.358667,0.148279391,June_11
18S_JRD446,A8-6/9/23,CGTTCCTCACGT,June_9,Elastollan,0.22,A8,19,54.820333,1.37902397,June_11
18S_JRD447,C0-6/9/23,TACAGGGCAACC,June_9,TPUFC2.1,0,C0,12,6.566,0.01795364,June_11
18S_JRD448,C3-6/9/23,TCGGGCTATATG,June_9,TPUFC2.1,0.013,C3,2,4.565,0.033406586,June_11
18S_JRD449,B5-6/9/23,GATCTCATAGGC,June_9,TPU181,0.041,B5,11,17.592333,0.4583232,June_11
18S_JRD450,C7-6/9/23,TCCCTTCACTTG,June_9,TPUFC2.1,0.126,C7,21,17.335667,0.238628256,June_11
18S_JRD451,B1-6/9/23,GGAATAAACGTG,June_9,TPU181,0.004,B1,28,7.387,0.062684395,June_11
18S_JRD452,B4-6/9/23,TGGCACCGATTA,June_9,TPU181,0.023,B4,26,6.933667,0.045899649,June_11
18S_JRD453,C8-6/9/23,GGCCATTAGTCA,June_9,TPUFC2.1,0.22,C8,22,5.891333,0.015857,June_11
18S_JRD454,A2-6/9/23,TCGGGTGTCCCG,June_9,Elastollan,0.008,A2,29,5.359333,0.018888562,June_11
18S_JRD455,A6-6/9/23,TAGTATAGACAG,June_9,Elastollan,0.072,A6,17,15.507,0.193091515,June_11
18S_JRD456,B3-6/9/23,ATCTCTGGCATA,June_9,TPU181,0.013,B3,8,5.736667,0.005840472,June_11
18S_JRD457,B6-6/9/23,TCATTCCAAACG,June_9,TPU181,0.072,B6,3,4.325333,0.01260071,June_11
18S_JRD458,B8-6/9/23,TCATGAGTTCTT,June_9,TPU181,0.22,B8,16,8.701333,0.05500404,June_11
18S_JRD459,C9-4/12/23,AAGACGATATCA,April_12,TPUFC2.1,0.385,C9,4,20.515333,0.402754405,April_12
18S_JRD460,C2-4/12/23,AGTAGGTCACCG,April_12,TPUFC2.1,0.008,C2,18,8.067333,0.1327408,April_12
18S_JRD461,A9-4/12/23,TATACGCGCATT,April_12,Elastollan,0.385,A9,13,20.579667,0.742240153,April_12
18S_JRD462,B6-4/12/23,TCAAGAATCAAG,April_12,TPU181,0.072,B6,3,5.243667,0.3771235,April_12
18S_JRD463,A5-3/23/23,CTTCAAGATTTC,March_23,Elastollan,0.041,A5,24,18.851333,0.200321686,March_23
18S_JRD464,C2-3/23/23,GAACTGTATCTC,March_23,TPUFC2.1,0.008,C2,18,17.940667,0.2867114,March_23
18S_JRD465,C9-3/7/23,ATGAGACTCCAC,March_7,TPUFC2.1,0.385,C9,4,32.806333,0.646699398,March_7
18S_JRD466,B4-3/7/23,AAGGTGTAAGGT,March_7,TPU181,0.023,B4,26,22.381,0.639281889,March_7
18S_JRD467,A2-3/7/23,CCGGCGAGATTA,March_7,Elastollan,0.008,A2,29,33.346333,0.342056688,March_7
18S_JRD468,A7-4/12/23,TTGCCACTAGAT,April_12,Elastollan,0.126,A7,23,20.298,0.623491246,April_12
18S_JRD469,B9-3/23/23,GTCGTTAAGCGT,March_23,TPU181,0.385,B9,10,6.651,0.007094599,March_23
18S_JRD470,A3-3/23/23,CCATAATCCGTA,March_23,Elastollan,0.013,A3,5,60.523333,0.264827197,March_23
18S_JRD471,C9-3/23/23,TCTTGCATGTAT,March_23,TPUFC2.1,0.385,C9,4,35.718667,0.366206833,March_23
18S_JRD472,A9-3/23/23,CGGCGCAAGATT,March_23,Elastollan,0.385,A9,13,29.969,0.505927202,March_23
18S_JRD473,C3-3/23/23,TTCTGCACTAAG,March_23,TPUFC2.1,0.013,C3,2,24.826333,0.5059125,March_23
18S_JRD474,C7-3/23/23,TTCCCTGATCCT,March_23,TPUFC2.1,0.126,C7,21,35.965,1.035436784,March_23
18S_JRD475,A0-3/7/23,ACCCTAGTTATT,March_7,Elastollan,0,A0,1,14.101333,0.039350279,March_7
18S_JRD476,B5-3/7/23,GCTGCTGCAATA,March_7,TPU181,0.041,B5,11,36.428333,0.480866348,March_7
18S_JRD477,B0-3/7/23,CTTAGCACATCA,March_7,TPU181,0,B0,15,57.250333,0.553198678,March_7
18S_JRD478,B9-3/7/23,ATGGTCTACTAC,March_7,TPU181,0.385,B9,10,12.801,0.01861003,March_7
18S_JRD479,C2-3/7/23,ACGATCTTTACT,March_7,TPUFC2.1,0.008,C2,18,38.852667,0.6092023,March_7
18S_JRD480,C4-3/7/23,GGCGAGGGCGAG,March_7,TPUFC2.1,0.023,C4,30,28.04,0.149506968,March_7
18S_JRD481,B6-3/23/23,TGTCGAAAGAGA,March_23,TPU181,0.072,B6,3,7.581,6.658328,March_23
18S_JRD482,C6-3/7/23,TGCTCAGTATGT,March_7,TPUFC2.1,0.072,C6,14,22.082,0.076334789,March_7
18S_JRD483,B0-3/23/23,CATCGTATCAAC,March_23,TPU181,0,B0,15,84.045667,0.99786177,March_23
18S_JRD484,A3-3/7/23,GACAGCGTTGAC,March_7,Elastollan,0.013,A3,5,70.752333,0.464790395,March_7
18S_JRD485,A1-3/7/23,TGTAGGGTCTCA,March_7,Elastollan,0.004,A1,9,24.118667,0.144446453,March_7
18S_JRD486,A4-3/7/23,CTTACACCAAGT,March_7,Elastollan,0.023,A4,27,24.191,0.449205224,March_7
18S_JRD487,A7-3/7/23,ATGATACGTAAT,March_7,Elastollan,0.126,A7,23,29.161,0.838715685,March_7
18S_JRD488,B6-3/7/23,GTAGACTGCGTG,March_7,TPU181,0.072,B6,3,15.173333,0.08883755,March_7
18S_JRD489,A9-3/7/23,ATGGCGTGCACA,March_7,Elastollan,0.385,A9,13,19.366667,0.105284271,March_7
18S_JRD490,B1-3/7/23,CTTCTTGTCCGG,March_7,TPU181,0.004,B1,28,9.797667,0.035309741,March_7
18S_JRD491,C1-3/7/23,AGCGTCCAGCAA,March_7,TPUFC2.1,0.004,C1,25,49.331667,0.2506035,March_7
18S_JRD492,B8-3/7/23,ACCGCGTTAGTA,March_7,TPU181,0.22,B8,16,64.874333,0.855563,March_7
18S_JRD493,B7-3/7/23,AGGTGTGATCGC,March_7,TPU181,0.126,B7,20,27.114,0.3772298,March_7
18S_JRD494,A7-3/23/23,TTAGTGCGTTTG,March_23,Elastollan,0.126,A7,23,33.312667,1.139704689,March_23
18S_JRD495,C0-3/7/23,TCAACCCTCTTC,March_7,TPUFC2.1,0,C0,12,14.183333,0.1000772,March_7
18S_JRD496,B7-3/23/23,ACAGACCACTCA,March_23,TPU181,0.126,B7,20,42.24,0.9764287,March_23
18S_JRD497,B2-3/23/23,GCCTTTGTGTAA,March_23,TPU181,0.008,B2,6,31.988,0.414180315,March_23
18S_JRD498,A1-3/23/23,CAAATGCGTCGT,March_23,Elastollan,0.004,A1,9,7.526,0.020526406,March_23
18S_JRD499,A5-3/7/23,TGCGCTTGGATA,March_7,Elastollan,0.041,A5,24,37.469333,0.01034945,March_7
18S_JRD500,C8-3/7/23,GCTCTTGGCTCT,March_7,TPUFC2.1,0.22,C8,22,33.158333,0.063732078,March_7
18S_JRD501,A8-3/7/23,TGCTTGCTCACC,March_7,Elastollan,0.22,A8,19,11.752,0.030199338,March_7
18S_JRD502,C3-3/7/23,AGGGTATATTTA,March_7,TPUFC2.1,0.013,C3,2,21.847333,0.2648033,March_7
18S_JRD503,B3-3/7/23,TAGGGTCCGCAA,March_7,TPU181,0.013,B3,8,29.231333,0.066448811,March_7
18S_JRD504,C1-3/23/23,CATTTGGACGAC,March_23,TPUFC2.1,0.004,C1,25,17.514,0.07480642,March_23
18S_JRD505,A6-3/7/23,AGCGACTGTGCA,March_7,Elastollan,0.072,A6,17,61.828333,1.936912004,March_7
18S_JRD506,C6-3/23/23,CGGCCACAGTAA,March_23,TPUFC2.1,0.072,C6,14,24.288333,0.132237581,March_23
18S_JRD507,A4-3/23/23,TGTTCATGAACC,March_23,Elastollan,0.023,A4,27,26.377,0.486613125,March_23
18S_JRD508,B2-3/7/23,GAATTATTGTTA,March_7,TPU181,0.008,B2,6,22.516333,0.231850766,March_7
18S_JRD509,A0-3/23/23,ACGTTTAATAAG,March_23,Elastollan,0,A0,1,7.579667,0.036924849,March_23
18S_JRD510,B8-3/23/23,GAATCTTCGAGC,March_23,TPU181,0.22,B8,16,74.518667,1.357774,March_23
18S_JRD511,C4-3/23/23,ACCAATCAAATA,March_23,TPUFC2.1,0.023,C4,30,24.421667,0.5343377,March_23
18S_JRD512,A2-3/23/23,GTCACTTTGACA,March_23,Elastollan,0.008,A2,29,11.43,0.163233983,March_23
18S_JRD513,B1-3/23/23,ACTAATACATAG,March_23,TPU181,0.004,B1,28,6.046667,0.004702245,March_23
18S_JRD514,C5-3/7/23,TCACACGGGAGT,March_7,TPUFC2.1,0.041,C5,7,28.569,0.18379971,March_7
18S_JRD515,C7-3/7/23,ATTGCTATACCG,March_7,TPUFC2.1,0.126,C7,21,25.026667,0.180146545,March_7
18S_JRD516,B3-3/23/23,CTGAGCAGAGTC,March_23,TPU181,0.013,B3,8,9.216667,0.069340544,March_23
18S_JRD517,B5-3/23/23,CTGGAGCATGAC,March_23,TPU181,0.041,B5,11,31.496333,0.478211367,March_23
18S_JRD518,B4-3/23/23,ATACCTTCGGTA,March_23,TPU181,0.023,B4,26,26.886,0.317834863,March_23
18S_JRD519,A8-3/23/23,TACTCATACTCA,March_23,Elastollan,0.22,A8,19,14.363667,0.083099004,March_23
18S_JRD520,C0-3/23/23,TGCTGAACCATT,March_23,TPUFC2.1,0,C0,12,25.876,0.4231079,March_23
18S_JRD521,A6-3/23/23,GAGTACTGGTTC,March_23,Elastollan,0.072,A6,17,49.507,0.638193022,March_23
18S_JRD522,C5-3/23/23,TGTATGGGTGCG,March_23,TPUFC2.1,0.041,C5,7,27.660667,0.605008632,March_23
18S_JRD523,C8-3/23/23,CGATTATGGCAC,March_23,TPUFC2.1,0.22,C8,22,38.450667,1.036792704,March_23
18S_JRD524,C3-4/12/23,CTAAGTAAGAGT,April_12,TPUFC2.1,0.013,C3,2,6.232333,0.04124049,April_12
18S_JRD525,B7-5/3/23,GGTCATGCGAGG,May_3,TPU181,0.126,B7,20,5.407333,0.0332883,May_2
18S_JRD526,C3-5/3/23,TGCCGTTACGCC,May_3,TPUFC2.1,0.013,C3,2,4.473,0.017088007,May_2
18S_JRD527,A1-5/3/23,GGACTTCCTCGC,May_3,Elastollan,0.004,A1,9,6.250667,0.023454448,May_2
18S_JRD528,B4-5/3/23,ATCCCGAATTTG,May_3,TPU181,0.023,B4,26,5.714333,0.037772712,May_2
18S_JRD529,B9-5/3/23,AGGGAGACACAA,May_3,TPU181,0.385,B9,10,5.308,0.01484363,May_2
18S_JRD530,C1-5/3/23,GTGTCTACATTG,May_3,TPUFC2.1,0.004,C1,25,6.198333,0.04227029,May_2
18S_JRD531,C8-5/3/23,CGGTTAGTGGTT,May_3,TPUFC2.1,0.22,C8,22,5.904333,0.034031032,May_2
18S_JRD532,B5-5/3/23,CTCCTGAAAGTT,May_3,TPU181,0.041,B5,11,111.413333,3.958011,May_2
18S_JRD533,A3-5/3/23,TTCCTGTCCTGG,May_3,Elastollan,0.013,A3,5,27.068333,0.56832219,May_2
18S_JRD534,C7-5/3/23,GCAACGCCGCGC,May_3,TPUFC2.1,0.126,C7,21,139.600333,2.783060805,May_2
18S_JRD535,B8-5/3/23,TGTGCAAGCGAC,May_3,TPU181,0.22,B8,16,122.135333,3.873816,May_2
18S_JRD536,B2-5/3/23,CGACTAGGCGGA,May_3,TPU181,0.008,B2,6,4.841333,0.019011692,May_2
18S_JRD537,B6-5/3/23,AATACTTGCGCG,May_3,TPU181,0.072,B6,3,4.933333,0.007310571,May_2
18S_JRD538,C4-5/3/23,CAGGTCTGTATT,May_3,TPUFC2.1,0.023,C4,30,5.354333,0.021957029,May_2
18S_JRD539,A9-5/3/23,TCGCACTTGTCC,May_3,Elastollan,0.385,A9,13,28.748,1.355945058,May_2
18S_JRD540,C9-5/3/23,ATCCAGACCGTA,May_3,TPUFC2.1,0.385,C9,4,4.897,0.011357817,May_2
18S_JRD541,B3-5/3/23,TAACGAACTGAA,May_3,TPU181,0.013,B3,8,5.665,0.018448125,May_2
18S_JRD542,A2-5/3/23,GTTGAGACGCGG,May_3,Elastollan,0.008,A2,29,4.983,0.026350206,May_2
18S_JRD543,B1-5/3/23,ATTATACCTCGG,May_3,TPU181,0.004,B1,28,5.329333,0.02511529,May_2
18S_JRD544,A7-5/3/23,TCGAGCGAATCT,May_3,Elastollan,0.126,A7,23,46.027333,1.743163535,May_2
18S_JRD545,C5-5/3/23,CCAGAGCGGCAA,May_3,TPUFC2.1,0.041,C5,7,63.786333,3.084512513,May_2
18S_JRD546,C0-5/3/23,CCTGAGAAGTCT,May_3,TPUFC2.1,0,C0,12,6.339,0.01908752,May_2
18S_JRD547,A5-5/3/23,GACTCCGCAAGA,May_3,Elastollan,0.041,A5,24,83.727,2.870163816,May_2
18S_JRD548,C2-5/3/23,GACAGGAGATAG,May_3,TPUFC2.1,0.008,C2,18,5.493667,0.006565905,May_2
18S_JRD549,B0-5/3/23,AAGGAGCGCCTT,May_3,TPU181,0,B0,15,10.031667,0.167264594,May_2
18S_JRD550,A8-5/3/23,CTCGATTAGATC,May_3,Elastollan,0.22,A8,19,26.867333,0.905823812,May_2
18S_JRD551,C6-5/3/23,CGTGTACATCAG,May_3,TPUFC2.1,0.072,C6,14,5.052,0.011015141,May_2
18S_JRD552,A0-5/3/23,CTTCGAATACGT,May_3,Elastollan,0,A0,1,5.685,0.015716234,May_2
18S_JRD553,A6-5/3/23,ATTCTTAACGTC,May_3,Elastollan,0.072,A6,17,42.50633,0.845859392,May_2
18S_JRD554,A4-5/3/23,GAAACTCCACCA,May_3,Elastollan,0.023,A4,27,127.049333,4.993872557,May_2
18S_JRD555,B3-4/12/23,TTGCCTTGTTAA,April_12,TPU181,0.013,B3,8,3.681,0.017897858,April_12
18S_JRD556,B7-4/12/23,ACTTATGCGGTT,April_12,TPU181,0.126,B7,20,8.438333,0.0455682,April_12
18S_JRD557,A8-4/12/23,TGATCGTTGTGG,April_12,Elastollan,0.22,A8,19,23.772,0.780007692,April_12
18S_JRD558,A5-4/12/23,TTAATGAGAACT,April_12,Elastollan,0.041,A5,24,51.893667,0.964197824,April_12
18S_JRD559,A1-4/12/23,TACAGATGGCTC,April_12,Elastollan,0.004,A1,9,7.030333,0.094096286,April_12
18S_JRD560,C6-4/12/23,CACTGGTATATC,April_12,TPUFC2.1,0.072,C6,14,6.555,0.068090626,April_12
18S_JRD561,A2-4/12/23,TCCCTCATTGCG,April_12,Elastollan,0.008,A2,29,7.422667,0.19942445,April_12
18S_JRD562,C1-4/12/23,CTGCGGCTGCGG,April_12,TPUFC2.1,0.004,C1,25,5.159333,0.04914039,April_12
18S_JRD563,B9-4/12/23,GACAAGGCTCCA,April_12,TPU181,0.385,B9,10,4.09,0.01011599,April_12
18S_JRD564,A3-4/12/23,TCGGATAAGTAA,April_12,Elastollan,0.013,A3,5,112.732,2.669484095,April_12
18S_JRD565,B0-4/12/23,TGAAGGTCCCAT,April_12,TPU181,0,B0,15,19.119667,0.161355026,April_12
18S_JRD566,C4-4/12/23,CCGATTATCGGA,April_12,TPUFC2.1,0.023,C4,30,5.972667,0.070857447,April_12
18S_JRD567,B1-4/12/23,TGTGTGTGACTT,April_12,TPU181,0.004,B1,28,5.785667,0.047670163,April_12
18S_JRD568,B4-4/12/23,GCTCGCTACTTC,April_12,TPU181,0.023,B4,26,46.773333,0.621600711,April_12
18S_JRD569,C0-4/12/23,CCGGAGATGGTG,April_12,TPUFC2.1,0,C0,12,4.260333,0.02305308,April_12
18S_JRD570,A6-4/12/23,TGCCCTCGACAC,April_12,Elastollan,0.072,A6,17,51.821333,1.932464604,April_12
18S_JRD571,C8-4/12/23,CCACGTGTGGAA,April_12,TPUFC2.1,0.22,C8,22,7.883,0.136825923,April_12
18S_JRD572,A4-4/12/23,GTGGTGGATTCT,April_12,Elastollan,0.023,A4,27,57.603333,1.860953997,April_12
18S_JRD573,C7-4/12/23,ACATAACGCCGT,April_12,TPUFC2.1,0.126,C7,21,107.191,3.194263765,April_12
18S_JRD574,B8-4/12/23,CCTGCACGGTTC,April_12,TPU181,0.22,B8,16,83.000333,2.533152,April_12
18S_JRD575,A0-4/12/23,TCTAAGGCACGT,April_12,Elastollan,0,A0,1,5.697667,0.043628482,April_12
18S_JRD576,B5-4/12/23,CGGACTACAACT,April_12,TPU181,0.041,B5,11,83.655333,4.716097763,April_12
18S_JRD577,C5-4/12/23,ATTGAAGTCCCT,April_12,TPUFC2.1,0.041,C5,7,34.36,0.605133319,April_12
18S_JRD578,B2-4/12/23,TGCTTCTGGCCG,April_12,TPU181,0.008,B2,6,29.161,0.587981576,April_12
